Field,sensor,date,average_adjacent,stdev_adjacent
AES,2,2014-05-14,0.18895114792717826,0.005697347051128486
AES,1,2014-05-14,0.18128055665228102,0.004075703503663788
AES,11,2014-05-14,0.18904309471448263,0.01199009566676093
AES,10,2014-05-14,0.19548965990543365,0.011013797784450604
AES,3,2014-05-14,0.26259173783991074,0.03227776408004116
AES,4,2014-05-14,0.15908506512641907,0.010365418958910421
AES,9,2014-05-14,0.18293888204627567,0.00726267282188612
AES,12,2014-05-14,0.19875425928168827,0.008127390950889062
AES,8,2014-05-14,0.17380942073133257,0.006415362215144104
AES,5,2014-05-14,0.232672072119183,0.020918647336822617
AES,6,2014-05-14,0.22720575001504686,0.010812809286552047
AES,7,2014-05-14,0.19085735910468632,0.011940510394229983
AES,2,2015-05-02,999999,0
AES,1,2015-05-02,999999,0
AES,11,2015-05-02,999999,0
AES,10,2015-05-02,999999,0
AES,3,2015-05-02,999999,0
AES,4,2015-05-02,999999,0
AES,9,2015-05-02,999999,0
AES,12,2015-05-02,999999,0
AES,8,2015-05-02,999999,0
AES,5,2015-05-02,999999,0
AES,6,2015-05-02,999999,0
AES,7,2015-05-02,999999,0
AES,2,2010-05-30,0.6199941635131836,0.011093293032690243
AES,1,2010-05-30,0.6046574976709154,0.015924756642101474
AES,11,2010-05-30,0.5340459081861708,0.017209350299513943
AES,10,2010-05-30,0.600587334897783,0.012296334585582823
AES,3,2010-05-30,0.5591939356591966,0.008580928986095668
AES,4,2010-05-30,0.5418971048461066,0.026297198056489494
AES,9,2010-05-30,0.4880503515402476,0.020823105379955006
AES,12,2010-05-30,0.5755353967348734,0.014064409077630577
AES,8,2010-05-30,0.5538779033554925,0.020088381226802243
AES,5,2010-05-30,0.5751425358984206,0.012142612280827473
AES,6,2010-05-30,0.5919289456473457,0.016903098934757527
AES,7,2010-05-30,0.5091827246877882,0.008726553230248084
AES,2,2013-06-15,0.4830491542816162,0.021820859121738333
AES,1,2013-06-15,0.36046261919869316,0.01685304810763011
AES,11,2013-06-15,0.4386904968155755,0.012111933573416753
AES,10,2013-06-15,0.4655162923865848,0.04119302850984709
AES,3,2013-06-15,0.4045727584097121,0.011380505803087545
AES,4,2013-06-15,0.2748814390765296,0.021797407124085167
AES,9,2013-06-15,0.3085576792558034,0.03236672758748318
AES,12,2013-06-15,0.5656551784939237,0.016233978433154456
AES,8,2013-06-15,0.32367636097802055,0.016469545125489697
AES,5,2013-06-15,0.4486591054333581,0.011650707820297104
AES,6,2013-06-15,0.4934256606631809,0.008864087046128663
AES,7,2013-06-15,0.37477636999554104,0.036154324221294803
AES,2,2014-06-19,0.52636961473359,0.03741481631813489
AES,1,2014-06-19,0.41733888122770524,0.020512320815432087
AES,11,2014-06-19,0.42714642153845894,0.014822934367026874
AES,10,2014-06-19,0.42340618040826583,0.03890185694071857
AES,3,2014-06-19,0.4956155452463362,0.036292268147399144
AES,4,2014-06-19,0.2892226063542896,0.0415053898468763
AES,9,2014-06-19,0.36381152272224426,0.03416765191707952
AES,12,2014-06-19,0.5126080281204648,0.01777429549502271
AES,8,2014-06-19,0.2847067581282722,0.019532812240940077
AES,5,2014-06-19,0.5160680943065219,0.02053896655278456
AES,6,2014-06-19,0.512256039513482,0.0325077687609008
AES,7,2014-06-19,0.423638039165073,0.023317112318629374
AES,2,2015-06-19,0.3299175633324517,0.0292394589144677
AES,1,2015-06-19,0.2861226664649116,0.011420688354998194
AES,11,2015-06-19,0.4929599165916443,0.014711250030775159
AES,10,2015-06-19,0.4198983907699585,0.04767882682574623
AES,3,2015-06-19,0.5484045876397027,0.010715737041543775
AES,4,2015-06-19,0.26281459463967216,0.021833955576831997
AES,9,2015-06-19,0.45285183522436356,0.012976211028245553
AES,12,2015-06-19,0.47635800970925224,0.01360387189827191
AES,8,2015-06-19,0.24739974074893528,0.036972134410969346
AES,5,2015-06-19,0.5012980136606429,0.014522984960098644
AES,6,2015-06-19,0.4529274602731069,0.04675293879320572
AES,7,2015-06-19,0.49456893073187935,0.015273268397274189
AES,2,2010-06-24,0.4901164306534661,0.015571229862075403
AES,1,2010-06-24,0.5364487767219543,0.007415542729230724
AES,11,2010-06-24,0.5545789135826958,0.015615488702891828
AES,10,2010-06-24,0.5462452305687798,0.020845121666207885
AES,3,2010-06-24,0.579991983042823,0.006307313141258406
AES,4,2010-06-24,0.49630720416704815,0.012381233976466293
AES,9,2010-06-24,0.5425556699434916,0.018786517318230125
AES,12,2010-06-24,0.5286432570881314,0.006349730436798492
AES,8,2010-06-24,0.5071680115328895,0.024553160759109034
AES,5,2010-06-24,0.5911141170395745,0.004173274679016511
AES,6,2010-06-24,0.5721241103278266,0.014440026619013543
AES,7,2010-06-24,0.6132953299416436,0.01022030953448295
AES,2,2012-06-25,0.5866358743773566,0.02336089161955435
AES,1,2012-06-25,0.5445650021235148,0.010539194851478728
AES,11,2012-06-25,0.5662364032533433,0.024052639158921387
AES,10,2012-06-25,0.5736973153220283,0.015614607643111922
AES,3,2012-06-25,0.535389264424642,0.012256801544186617
AES,4,2012-06-25,0.47281579507721794,0.03322158679994854
AES,9,2012-06-25,0.5707438389460245,0.015134623507514603
AES,12,2012-06-25,0.5026116867860159,0.016112530895451952
AES,8,2012-06-25,0.4342923429277208,0.02164083076860593
AES,5,2012-06-25,0.5065877669387393,0.01879856924105346
AES,6,2012-06-25,0.48681782682736713,0.031405055613752286
AES,7,2012-06-25,0.5267189343770345,0.007762059394788249
AES,2,2011-06-26,0.1396401988135444,0.00607627879453126
AES,1,2011-06-26,0.1554937975274192,0.011131554191103048
AES,11,2011-06-26,0.4195233815246158,0.01233657377408703
AES,10,2011-06-26,0.5119012064403958,0.02754199271482403
AES,3,2011-06-26,0.5072803033722771,0.016727806200442997
AES,4,2011-06-26,0.1545055458943049,0.01625094423259933
AES,9,2011-06-26,0.36651793122291565,0.04895833792129437
AES,12,2011-06-26,0.5302155481444465,0.008684059688706053
AES,8,2011-06-26,0.38003771172629464,0.0175997001630199
AES,5,2011-06-26,0.5573291314972771,0.006445385491176164
AES,6,2011-06-26,0.5033826861116621,0.013904126254557928
AES,7,2011-06-26,0.4855920970439911,0.014694897487682927
AES,2,2015-06-28,0.22626875009801653,0.006199967695247447
AES,1,2015-06-28,0.232057210471895,0.009613753376619665
AES,11,2015-06-28,0.2738308740986718,0.015292717471981321
AES,10,2015-06-28,0.22514116101794773,0.013419676737146927
AES,3,2015-06-28,0.3864428632789188,0.018317264160739682
AES,4,2015-06-28,0.22204958564705318,0.01542805691029636
AES,9,2015-06-28,0.2845257023970286,0.01490744001270117
AES,12,2015-06-28,0.2594205008612739,0.0115436544625406
AES,8,2015-06-28,0.19637820621331534,0.0065192609080282704
AES,5,2015-06-28,0.3087562554412418,0.021324756715012085
AES,6,2015-06-28,0.28975355956289506,0.026507924975815424
AES,7,2015-06-28,0.331413918071323,0.03443450161860078
AES,2,2013-06-29,0.5457414024406009,0.02766180230769819
AES,1,2013-06-29,0.3946305811405182,0.024979660574341797
AES,11,2013-06-29,0.5498336950937907,0.024461528837012685
AES,10,2013-06-29,0.5211973422103457,0.06410141785339231
AES,3,2013-06-29,0.47175759077072144,0.02381831067727559
AES,4,2013-06-29,0.25477633542484707,0.030424323169033454
AES,9,2013-06-29,0.4256385962168376,0.06334382093317023
AES,12,2013-06-29,0.6647473838594224,0.015009751783869077
AES,8,2013-06-29,0.30705970856878495,0.020859956682274153
AES,5,2013-06-29,0.562218083275689,0.017768466111953624
AES,6,2013-06-29,0.5655365056461759,0.025235054000997407
AES,7,2013-06-29,0.5472328662872314,0.05274387368369667
AES,2,2014-06-04,0.4410454332828522,0.040434384603917406
AES,1,2014-06-04,0.3576814466052585,0.014585856068226473
AES,11,2014-06-04,0.3257017400529649,0.009539517679368453
AES,10,2014-06-04,0.33902539478407967,0.023549763336327714
AES,3,2014-06-04,0.4348328676488664,0.0331403707682631
AES,4,2014-06-04,0.2975471185313331,0.03678695140273236
AES,9,2014-06-04,0.29485295878516304,0.018017103482334665
AES,12,2014-06-04,0.4407570991251204,0.018916825292636406
AES,8,2014-06-04,0.27177176541752285,0.009266537867299522
AES,5,2014-06-04,0.42995305193795097,0.023721584686879533
AES,6,2014-06-04,0.42829101615481907,0.023138988660603578
AES,7,2014-06-04,0.34588663114441764,0.029690533316292306
AES,2,2015-06-05,0.5062946644094255,0.014169180947537408
AES,1,2015-06-05,0.5292742782168918,0.011209555274102521
AES,11,2015-06-05,0.5661789112620883,0.01653347222146546
AES,10,2015-06-05,0.5773908297220866,0.018840834282445998
AES,3,2015-06-05,0.6284957594341702,0.01999778367724972
AES,4,2015-06-05,0.40034059352344936,0.06090823714697238
AES,9,2015-06-05,0.4757871992058224,0.030284049580712312
AES,12,2015-06-05,0.5664625962575277,0.01168678181446427
AES,8,2015-06-05,0.43956245647536385,0.014499965456651668
AES,5,2015-06-05,0.603002303176456,0.014633294325809752
AES,6,2015-06-05,0.6051128440433078,0.013143533913905808
AES,7,2015-06-05,0.524587502082189,0.020525794340595788
AES,2,2013-06-08,0.4620000720024109,0.04787252147740297
AES,1,2013-06-08,0.3614940047264099,0.025169937768321302
AES,11,2013-06-08,0.42053213715553284,0.019180656006016587
AES,10,2013-06-08,0.4021255009704166,0.05021110294850679
AES,3,2013-06-08,0.3887442648410797,0.010307032877571254
AES,4,2013-06-08,0.28122951421472764,0.023085263711409357
AES,9,2013-06-08,0.31164635552300346,0.029574223735548993
AES,12,2013-06-08,0.5745440324147543,0.012856567695254504
AES,8,2013-06-08,0.2990844382180108,0.01018052826639376
AES,5,2013-06-08,0.42750750647650826,0.009455143923521585
AES,6,2013-06-08,0.4482119811905755,0.021260733386069246
AES,7,2013-06-08,0.35513871245914036,0.032896227978128495
AES,2,2009-06-09,0.149311696489652,0.01033859624843821
AES,1,2009-06-09,0.1682962162627114,0.008335684545240132
AES,11,2009-06-09,0.3374449378914303,0.014798052051557972
AES,10,2009-06-09,0.3351708584361606,0.027603254038007157
AES,3,2009-06-09,0.3494935896661546,0.005759081946493774
AES,4,2009-06-09,0.153376418683264,0.006529991716442272
AES,9,2009-06-09,0.2967439691225688,0.018188939158443773
AES,12,2009-06-09,0.38052249285909867,0.012786121334210239
AES,8,2009-06-09,0.29712137911054826,0.015327100567325466
AES,5,2009-06-09,0.37227089206377667,0.010917185060415377
AES,6,2009-06-09,0.3678015304936303,0.01716554551573421
AES,7,2009-06-09,0.35242042938868207,0.014517752826053165
AES,2,2010-07-12,0.2680487897660997,0.0058445564495843965
AES,1,2010-07-12,0.24079451627201504,0.002919329118269904
AES,11,2010-07-12,0.33315515518188477,0.021417103865413338
AES,10,2010-07-12,0.2870082027382321,0.010001831452064219
AES,3,2010-07-12,0.38120989667044747,0.012150012987259649
AES,4,2010-07-12,0.22273615333769056,0.0055128389552958805
AES,9,2010-07-12,0.38299336036046344,0.007732954003703459
AES,12,2010-07-12,0.3178624345196618,0.006894199921366879
AES,8,2010-07-12,0.26372316314114463,0.022830279476423326
AES,5,2010-07-12,0.36840781569480896,0.015704650427357168
AES,6,2010-07-12,0.3686612049738566,0.012181893849778415
AES,7,2010-07-12,0.4213293260998196,0.02328959276333548
AES,2,2012-07-13,0.32595659295717877,0.01627741095918304
AES,1,2012-07-13,0.271236346827613,0.006437293632849752
AES,11,2012-07-13,0.3737819525930617,0.012250327702133218
AES,10,2012-07-13,0.3553704453839196,0.016199138504266124
AES,3,2012-07-13,0.4128514164023929,0.007506747514310667
AES,4,2012-07-13,0.25962288346555495,0.018123278830570713
AES,9,2012-07-13,0.39704474475648666,0.007606323116044221
AES,12,2012-07-13,0.36313581466674805,0.006394311718105076
AES,8,2012-07-13,0.2678583131896125,0.011553078568968407
AES,5,2012-07-13,0.3742002844810486,0.006654081114793041
AES,6,2012-07-13,0.37131235665745205,0.0148726489901659
AES,7,2012-07-13,0.3736584252781338,0.028282991202850872
AES,2,2010-07-18,0.20606154037846458,0.011391042420355251
AES,1,2010-07-18,0.20066743261284298,0.005641395884363382
AES,11,2010-07-18,0.3046172824170854,0.02107938634680972
AES,10,2010-07-18,0.23007535603311327,0.010325373461253461
AES,3,2010-07-18,0.3772706356313493,0.01602344745120444
AES,4,2010-07-18,0.20580367743968964,0.00359412462172828
AES,9,2010-07-18,0.32772010564804077,0.01797006697230821
AES,12,2010-07-18,0.28116142915354836,0.01969073945513431
AES,8,2010-07-18,0.20615010294649336,0.014635164556325377
AES,5,2010-07-18,0.3445988628599379,0.03288887226334576
AES,6,2010-07-18,0.31629298130671185,0.02725113127491092
AES,7,2010-07-18,0.33704349729749894,0.020476613172449778
AES,2,2014-07-25,0.17579699556032816,0.0070486682699067585
AES,1,2014-07-25,0.15679824848969778,0.006757409898868697
AES,11,2014-07-25,0.18735678659545052,0.007841894474524621
AES,10,2014-07-25,0.16084687411785126,0.002222489002975493
AES,3,2014-07-25,0.24991325206226772,0.006835222698497696
AES,4,2014-07-25,0.144021890229649,0.008989801292525825
AES,9,2014-07-25,0.19040410386191475,0.016952188385465115
AES,12,2014-07-25,0.1959812260336346,0.014633268419198993
AES,8,2014-07-25,0.13572679460048676,0.006682570064891036
AES,5,2014-07-25,0.21833086013793945,0.008969783315295646
AES,6,2014-07-25,0.227382962902387,0.012050821048657968
AES,7,2014-07-25,0.19142214953899384,0.01475369927040405
AES,2,2013-07-27,0.15053171581692165,0.00632103207416002
AES,1,2013-07-27,0.1431915064652761,0.008162423483937125
AES,11,2013-07-27,0.18185433910952675,0.007960787960307154
AES,10,2013-07-27,0.13777747253576914,0.006197021928856701
AES,3,2013-07-27,0.227236807346344,0.01574087840619713
AES,4,2013-07-27,0.1303449364172088,0.010618679667359476
AES,9,2013-07-27,0.2761223167181015,0.03919345724508058
AES,12,2013-07-27,0.1819086985455619,0.0036284958625024235
AES,8,2013-07-27,0.11915093660354614,0.006163428606463855
AES,5,2013-07-27,0.23627973596254984,0.009574308257742099
AES,6,2013-07-27,0.22987159921063316,0.012461800435304381
AES,7,2013-07-27,0.18604345288541582,0.022790439188536595
AES,2,2009-07-28,0.12992592652638754,0.013055404342436846
AES,1,2009-07-28,0.14426030384169686,0.009570677031025314
AES,11,2009-07-28,0.27062780658404034,0.01649796847626038
AES,10,2009-07-28,0.18936323126157126,0.0211854449086694
AES,3,2009-07-28,0.4155633913146125,0.013356593578623769
AES,4,2009-07-28,0.1434568183289634,0.012003234465527807
AES,9,2009-07-28,0.3342996935049693,0.03805162343764498
AES,12,2009-07-28,0.3310309218035804,0.01000693707335349
AES,8,2009-07-28,0.15198035372628105,0.008054997051191844
AES,5,2009-07-28,0.3775070110956828,0.022587295439351014
AES,6,2009-07-28,0.3983170125219557,0.02568207923559616
AES,7,2009-07-28,0.31391747792561847,0.03943275521925137
AES,2,2009-07-03,0.12740629414717355,0.004916399231499631
AES,1,2009-07-03,0.1416520360443327,0.0067051469478736905
AES,11,2009-07-03,0.5411662856737772,0.018355279774572776
AES,10,2009-07-03,0.42700790365537006,0.0604871865045354
AES,3,2009-07-03,0.5550979177157084,0.009880442538808317
AES,4,2009-07-03,0.13485695173343024,0.0138844215039727
AES,9,2009-07-03,0.44974618156750995,0.046422620952124925
AES,12,2009-07-03,0.517444458272722,0.010235680939244748
AES,8,2009-07-03,0.2712307837274339,0.04555629577887177
AES,5,2009-07-03,0.5521574881341722,0.007926175332447872
AES,6,2009-07-03,0.534091850121816,0.02839268027309552
AES,7,2009-07-03,0.5453899237844679,0.016102875145538514
AES,2,2011-07-31,0.11766703344053692,0.009335549275251879
AES,1,2011-07-31,0.1286764931347635,0.00656758401475696
AES,11,2011-07-31,0.35226453012890285,0.0057837813322279925
AES,10,2011-07-31,0.29411620398362476,0.04215872392363887
AES,3,2011-07-31,0.5085937778155009,0.01313934541745055
AES,4,2011-07-31,0.12361157768302494,0.006102359430421834
AES,9,2011-07-31,0.35001276930173236,0.022011826671498112
AES,12,2011-07-31,0.44410640332433915,0.012947467118532605
AES,8,2011-07-31,0.16545014745659298,0.012652602254724603
AES,5,2011-07-31,0.4886997209654914,0.009441541908729208
AES,6,2011-07-31,0.4576790862613254,0.02213172353210666
AES,7,2011-07-31,0.27570558918846977,0.014813787217250126
AES,2,2012-07-06,0.5367876688639323,0.020535749361202733
AES,1,2012-07-06,0.4563446011808183,0.006818796061381481
AES,11,2012-07-06,0.5251788761880662,0.01250829997088838
AES,10,2012-07-06,0.5486894382370843,0.006552355997392278
AES,3,2012-07-06,0.5555568734804789,0.011997234970747103
AES,4,2012-07-06,0.39833635754055446,0.011123857758708052
AES,9,2012-07-06,0.5036848220560286,0.013155878407001324
AES,12,2012-07-06,0.5152136385440826,0.018183976132272947
AES,8,2012-07-06,0.4346156848801507,0.022295898233620944
AES,5,2012-07-06,0.5275583068529764,0.013449902058406361
AES,6,2012-07-06,0.4975423879093594,0.020714365556819467
AES,7,2012-07-06,0.5144920415348477,0.010220957156080537
AES,2,2013-07-08,0.501817375421524,0.009825935299442952
AES,1,2013-07-08,0.4362418254216512,0.008819201284304334
AES,11,2013-07-08,0.5443205502298143,0.008133183499106245
AES,10,2013-07-08,0.44770856036080253,0.060392588138290244
AES,3,2013-07-08,0.5126783914036221,0.02666552924564818
AES,4,2013-07-08,0.3552384442753262,0.043958595724952705
AES,9,2013-07-08,0.5145456393559774,0.021624960728768895
AES,12,2013-07-08,0.6287739078203837,0.005157675678879592
AES,8,2013-07-08,0.32422396209504867,0.03474297734693144
AES,5,2013-07-08,0.5563881264792548,0.006455290806377378
AES,6,2013-07-08,0.5539580517345004,0.015895277047542424
AES,7,2013-07-08,0.5355970197253757,0.025868967239605304
AES,2,2014-07-08,0.4301273326079051,0.037304402987315174
AES,1,2014-07-08,0.3112239009804196,0.01956329215544926
AES,11,2014-07-08,0.450882441467709,0.011892044817099458
AES,10,2014-07-08,0.36383988791041905,0.04333025079642254
AES,3,2014-07-08,0.49275336662928265,0.038503627461963
AES,4,2014-07-08,0.20895049969355264,0.026443739790360736
AES,9,2014-07-08,0.3748810291290283,0.031478570752888776
AES,12,2014-07-08,0.4793924291928609,0.023052887360036103
AES,8,2014-07-08,0.2421979026661979,0.03763786143669423
AES,5,2014-07-08,0.48739814427163863,0.02140064364044796
AES,6,2014-07-08,0.4289076096481747,0.0543846325998047
AES,7,2014-07-08,0.42831281820933026,0.011312033227023992
AES,2,2015-07-08,0.18861576086945003,0.01075748810970487
AES,1,2015-07-08,0.17778387003474766,0.005230852625242438
AES,11,2015-07-08,0.1692250536547767,0.008643234325021499
AES,10,2015-07-08,0.1659710572825538,0.006514109612220185
AES,3,2015-07-08,0.18770192397965324,0.008644803376726417
AES,4,2015-07-08,0.15341565675205654,0.006462691895176336
AES,9,2015-07-08,0.1777707172764672,0.003698288840484658
AES,12,2015-07-08,0.17256367041005027,0.0070740576951932995
AES,8,2015-07-08,0.15770151052210066,0.005292592339521927
AES,5,2015-07-08,0.17664523422718048,0.005333228752515009
AES,6,2015-07-08,0.17093193199899462,0.002095154403673968
AES,7,2015-07-08,0.1709552374151018,0.0051614234900978955
AES,2,2011-07-09,0.16332811779446071,0.004069874112860825
AES,1,2011-07-09,0.16954917377895778,0.0050994697773639845
AES,11,2011-07-09,0.4772767126560211,0.009747929700683826
AES,10,2011-07-09,0.5127422743373447,0.03487430019248797
AES,3,2011-07-09,0.5738054050339593,0.012254657470133976
AES,4,2011-07-09,0.1576545255051719,0.005353471267944314
AES,9,2011-07-09,0.43158984184265137,0.027693745774419222
AES,12,2011-07-09,0.5763071245617337,0.012150688736438332
AES,8,2011-07-09,0.33473939696947735,0.010315279383711306
AES,5,2011-07-09,0.5917002691162957,0.007930298198223999
AES,6,2011-07-09,0.5806702309184604,0.012080437735492762
AES,7,2011-07-09,0.50070654352506,0.01652638365760507
J,5,2009-05-22,0.22735430796941122,0.015698138850796628
J,2,2009-05-22,0.2956146068043179,0.007742230454064986
J,4,2009-05-22,0.2948950794008043,0.01986329120765897
J,1,2009-05-22,0.36880742179022896,0.02242704662273602
J,10,2009-05-22,0.5073303580284119,0.012754619217657656
J,8,2009-05-22,0.4781336353884803,0.022074213603666026
J,9,2009-05-22,0.5990572902891371,0.011762909181764746
J,7,2009-05-22,0.3643046584394243,0.028292631061653115
J,11,2009-05-22,0.21769351760546365,0.029056284813765456
J,6,2009-05-22,0.2516619943910175,0.03291059933586402
J,3,2009-05-22,0.27226858999994064,0.01917693038770479
J,12,2009-05-22,0.3167278899086846,0.0202100848883665
J,5,2014-05-30,0.11426995529068841,0.0056008710898771035
J,2,2014-05-30,0.12830456097920737,0.010754751563554751
J,4,2014-05-30,0.12553166018591988,0.006632065100061596
J,1,2014-05-30,0.11679104632801479,0.005104294954852886
J,10,2014-05-30,0.12088489118549559,0.003314942713988955
J,8,2014-05-30,0.12781524658203125,0.0072281369957368745
J,9,2014-05-30,0.15661197735203636,0.005777101436854755
J,7,2014-05-30,0.1338518973853853,0.006256676513747494
J,11,2014-05-30,0.13002289169364506,0.007644707882793009
J,6,2014-05-30,0.1531007919046614,0.010709668327792419
J,3,2014-05-30,0.13411209152804482,0.006953419332314667
J,12,2014-05-30,0.13571430577172172,0.008002900013174495
J,5,2009-06-10,0.3286518388324314,0.024627392893776964
J,2,2009-06-10,0.39893873863750035,0.03268596295973818
J,4,2009-06-10,0.43832611044247943,0.0135106178718451
J,1,2009-06-10,0.5597270396020677,0.0318291814716232
J,10,2009-06-10,0.6017724010679457,0.010821919982752611
J,8,2009-06-10,0.5876315037409464,0.009522950934433227
J,9,2009-06-10,0.5393462446000841,0.01689367220056053
J,7,2009-06-10,0.46519319547547233,0.01131659620029726
J,11,2009-06-10,0.22109504375192854,0.03508218442514429
J,6,2009-06-10,0.3168946968184577,0.04367668633546986
J,3,2009-06-10,0.4332665569252438,0.02965724386457803
J,12,2009-06-10,0.44112369749281144,0.015502242258420744
J,5,2010-06-15,0.4258041911655002,0.009235222079269549
J,2,2010-06-15,0.355069014761183,0.01977623084553971
J,4,2010-06-15,0.4656790362464057,0.031035560520837162
J,1,2010-06-15,0.4375979271199968,0.025741819394748927
J,10,2010-06-15,0.5509276125166152,0.016195176153991925
J,8,2010-06-15,0.47838770349820453,0.008204829273744798
J,9,2010-06-15,0.47175197468863594,0.006516210091066175
J,7,2010-06-15,0.4996619290775723,0.012747950300788227
J,11,2010-06-15,0.43631044692463344,0.022059802899286
J,6,2010-06-15,0.40542805857128567,0.012368937994490677
J,3,2010-06-15,0.40640004475911456,0.04274082321354575
J,12,2010-06-15,0.38665127091937596,0.009305475512492823
J,5,2013-06-15,0.5002006623480055,0.013938174415001444
J,2,2013-06-15,0.4444870385858748,0.054883717938863284
J,4,2013-06-15,0.5856494704882304,0.016003003315617822
J,1,2013-06-15,0.6477443973223368,0.0026253708704117645
J,10,2013-06-15,0.658038768503401,0.007401039995575906
J,8,2013-06-15,0.6067854762077332,0.006771680493398531
J,9,2013-06-15,0.5648990869522095,0.014728445577668612
J,7,2013-06-15,0.5427936646673415,0.015149261008556578
J,11,2013-06-15,0.5548586580488417,0.018485141914295455
J,6,2013-06-15,0.5031324161423577,0.017362835997555552
J,3,2013-06-15,0.5453185372882419,0.018859293248978493
J,12,2013-06-15,0.5500268075201247,0.012687298244862266
J,5,2015-06-18,0.5082703597015805,0.012178302845235042
J,2,2015-06-18,0.4468790524535709,0.05181089664067741
J,4,2015-06-18,0.5264540049764845,0.007673393776620442
J,1,2015-06-18,0.5360059671931796,0.006765664985185013
J,10,2015-06-18,0.6026912530263265,0.008006322955318192
J,8,2015-06-18,0.49700843956735397,0.004788976988281458
J,9,2015-06-18,0.43967681792047286,0.013991567882068602
J,7,2015-06-18,0.44890246788660687,0.013261681486315116
J,11,2015-06-18,0.4710359175999959,0.0414188149108689
J,6,2015-06-18,0.5630205008718703,0.029747680894716327
J,3,2015-06-18,0.5013070636325412,0.02144921075865351
J,12,2015-06-18,0.518898199001948,0.02750083158878831
J,5,2014-06-19,0.18347296118736267,0.014748210114116898
J,2,2014-06-19,0.19327919019593132,0.009459774287658663
J,4,2014-06-19,0.1876510183016459,0.009902951918483489
J,1,2014-06-19,0.19235554999775356,0.008508307021679944
J,10,2014-06-19,0.19318408932950762,0.006944380336211452
J,8,2014-06-19,0.22086355421278211,0.005545784713837551
J,9,2014-06-19,0.2141172538201014,0.008788094968772073
J,7,2014-06-19,0.20482331845495436,0.0075685065255426615
J,11,2014-06-19,0.17978392044703165,0.008090474026173767
J,6,2014-06-19,0.2154506395260493,0.01523568647161371
J,3,2014-06-19,0.22251431312825945,0.006752619956801079
J,12,2014-06-19,0.2206135110722648,0.010101989044618915
J,5,2012-06-25,0.19844699402650198,0.012586414927082483
J,2,2012-06-25,0.21352846754921806,0.004307449670347341
J,4,2012-06-25,0.21419419679376814,0.006970305647017251
J,1,2012-06-25,0.1959531456232071,0.00569826363089069
J,10,2012-06-25,0.18632704350683424,0.004629867427538785
J,8,2012-06-25,0.19324184457461038,0.010350478308543333
J,9,2012-06-25,0.1654598100317849,0.008577100448994176
J,7,2012-06-25,0.2351037777132458,0.009608164198764332
J,11,2012-06-25,0.1962741712729136,0.0246303739011117
J,6,2012-06-25,0.2146066576242447,0.009853012472911402
J,3,2012-06-25,0.21221202777491677,0.010727372445589382
J,12,2012-06-25,0.20091871751679313,0.010737078408308724
J,5,2010-06-27,0.6062659687466092,0.006375380876791534
J,2,2010-06-27,0.5423997309472826,0.025745605449598963
J,4,2010-06-27,0.654580122894711,0.02323014022666589
J,1,2010-06-27,0.6266207098960876,0.010113578648476385
J,10,2010-06-27,0.692234906885359,0.004561428346832219
J,8,2010-06-27,0.6492223474714491,0.0056378950559467815
J,9,2010-06-27,0.5967086222436693,0.008688541683579118
J,7,2010-06-27,0.6473769148190817,0.008455618614965639
J,11,2010-06-27,0.5988045069906447,0.013908898329969973
J,6,2010-06-27,0.5845329893959893,0.012846409734458993
J,3,2010-06-27,0.5749232437875536,0.05097188482745968
J,12,2010-06-27,0.6029896206325955,0.009115578499104639
J,5,2013-06-29,0.5448156992594401,0.01032081614106247
J,2,2013-06-29,0.44847289721171063,0.0662915305748645
J,4,2013-06-29,0.5959136883417765,0.010895407362463153
J,1,2013-06-29,0.6378892262776693,0.005244436604626639
J,10,2013-06-29,0.6329927444458008,0.009648050630863332
J,8,2013-06-29,0.5810163683361478,0.00550710058746734
J,9,2013-06-29,0.5410614278581407,0.004606629084423389
J,7,2013-06-29,0.5223823686440786,0.011734837535099981
J,11,2013-06-29,0.5824600524372525,0.026583065250438048
J,6,2013-06-29,0.5640485088030497,0.016110405908890166
J,3,2013-06-29,0.5446313685841031,0.013112262148905719
J,12,2013-06-29,0.5534961620966593,0.015975291988456142
J,5,2012-06-04,0.15107407503657871,0.008484421619734324
J,2,2012-06-04,0.17209858198960623,0.005091675816855592
J,4,2012-06-04,0.15871299140983158,0.0067021992729627234
J,1,2012-06-04,0.15075468685891893,0.008153448811287893
J,10,2012-06-04,0.13574332909451592,0.006768193402226497
J,8,2012-06-04,0.14435244434409672,0.004021198217760098
J,9,2012-06-04,0.17184264461199442,0.01059320240634919
J,7,2012-06-04,0.16081558167934418,0.008803593219102278
J,11,2012-06-04,0.17949597537517548,0.016815676497061862
J,6,2012-06-04,0.15031658775276607,0.0051703319448254785
J,3,2012-06-04,0.17276588413450453,0.009771555069878916
J,12,2012-06-04,0.15789699223306444,0.007763225082481314
J,5,2013-06-06,0.5131061606936984,0.015397899932870041
J,2,2013-06-06,0.46259841985172695,0.03382496068809288
J,4,2013-06-06,0.6088593337270949,0.012425815100359932
J,1,2013-06-06,0.6596345570352342,0.007178867843077918
J,10,2013-06-06,0.687551372581058,0.006367650835503386
J,8,2013-06-06,0.6559347907702128,0.002925212858032312
J,9,2013-06-06,0.6171165770954556,0.004985104547563732
J,7,2013-06-06,0.6125011245409647,0.008442416995438852
J,11,2013-06-06,0.5781976514392428,0.009284236531390733
J,6,2013-06-06,0.5071384542518191,0.018340466175196586
J,3,2013-06-06,0.5485472083091736,0.009633571497711721
J,12,2013-06-06,0.5591839750607809,0.012683479652657495
J,5,2015-06-08,0.5336691935857137,0.012868538463221347
J,2,2015-06-08,0.536063015460968,0.04991058806486401
J,4,2015-06-08,0.5852160851160685,0.012278833825127084
J,1,2015-06-08,0.6084211667378744,0.011647084797050001
J,10,2015-06-08,0.6814866132206387,0.010837744737454831
J,8,2015-06-08,0.6055322620603774,0.0050384622330854455
J,9,2015-06-08,0.565884874926673,0.011931776340264957
J,7,2015-06-08,0.6112873885366652,0.020848682350678216
J,11,2015-06-08,0.5326725376976861,0.024271057678561518
J,6,2015-06-08,0.5965631604194641,0.02129187138177016
J,3,2015-06-08,0.5734953681627909,0.024491498662259012
J,12,2015-06-08,0.5861853758494059,0.015292333785615519
J,5,2012-07-10,0.32348690761460197,0.008843742043176957
J,2,2012-07-10,0.3227400879065196,0.008304814107395024
J,4,2012-07-10,0.3472386764155494,0.00992853653137504
J,1,2012-07-10,0.30583110120561385,0.008919508225417708
J,10,2012-07-10,0.3362510601679484,0.007086353417441618
J,8,2012-07-10,0.3310832844840156,0.005044690570215735
J,9,2012-07-10,0.2254333347082138,0.030286367894165646
J,7,2012-07-10,0.3562377591927846,0.007562702596064507
J,11,2012-07-10,0.3144384589460161,0.023045906193618987
J,6,2012-07-10,0.35930851764149135,0.016124459853731614
J,3,2012-07-10,0.3433915575345357,0.013570502620773865
J,12,2012-07-10,0.31707824601067436,0.012641677438021089
J,5,2014-07-11,0.2797195216019948,0.010821820976260504
J,2,2014-07-11,0.22167677183945975,0.008119665935481411
J,4,2014-07-11,0.31654200951258343,0.013143032932816467
J,1,2014-07-11,0.3323046863079071,0.009406534384924484
J,10,2014-07-11,0.3605998191568587,0.016267402244556816
J,8,2014-07-11,0.34583213594224715,0.0073046079309290034
J,9,2014-07-11,0.3170824547608693,0.010994489757448838
J,7,2014-07-11,0.28222467170821297,0.016958374320374954
J,11,2014-07-11,0.20953203241030374,0.007187786704602546
J,6,2014-07-11,0.23007528649436104,0.00846598486168432
J,3,2014-07-11,0.30281505982081097,0.02081429276297345
J,12,2014-07-11,0.3104626139005025,0.005411172119329619
J,5,2015-07-15,0.15116999049981436,0.00394067444763693
J,2,2015-07-15,0.15755630864037407,0.003455773615506122
J,4,2015-07-15,0.16566420594851175,0.004853989088765289
J,1,2015-07-15,0.16361509925789303,0.00630510870008241
J,10,2015-07-15,0.16732366879781088,0.0032522733826645454
J,8,2015-07-15,0.16150553855631086,0.0030587973787204307
J,9,2015-07-15,0.15857136415110695,0.005167887905045388
J,7,2015-07-15,0.1600015875365999,0.00281217528867665
J,11,2015-07-15,0.1532343410783344,0.003389186530056062
J,6,2015-07-15,0.17630405889617073,0.006457109680913688
J,3,2015-07-15,0.15734431644280752,0.006413416423875285
J,12,2015-07-15,0.15851017170482212,0.00449702746418023
J,5,2013-07-16,0.28303946720229256,0.01177182713229691
J,2,2013-07-16,0.2012979570362303,0.018074417501414027
J,4,2013-07-16,0.32876962092187667,0.03639200195872732
J,1,2013-07-16,0.37180274062686497,0.020698016307943302
J,10,2013-07-16,0.2879352768262227,0.006734095417139136
J,8,2013-07-16,0.22601088715924156,0.006802457399143071
J,9,2013-07-16,0.20565464264816707,0.005264097516664008
J,7,2013-07-16,0.19576544562975565,0.006774436449672376
J,11,2013-07-16,0.36954673131306964,0.05763356598438196
J,6,2013-07-16,0.4105808701780107,0.06495055194733214
J,3,2013-07-16,0.2721080299880769,0.016217160342613352
J,12,2013-07-16,0.32444042960802716,0.012836415902846815
J,5,2013-07-24,0.15003222889370388,0.006110421064535347
J,2,2013-07-24,0.13460796657535765,0.0061613043295877
J,4,2013-07-24,0.16782721545961168,0.010350100233586346
J,1,2013-07-24,0.17274991836812761,0.010317066793902414
J,10,2013-07-24,0.16290772954622904,0.007803140466809461
J,8,2013-07-24,0.1486822565396627,0.006022862603159485
J,9,2013-07-24,0.14881788028611076,0.008696934606106429
J,7,2013-07-24,0.1415762652953466,0.007524124808110535
J,11,2013-07-24,0.16683532297611237,0.006447305525671956
J,6,2013-07-24,0.2169219735595915,0.020796125061170765
J,3,2013-07-24,0.15690064264668357,0.01780768543429818
J,12,2013-07-24,0.15786808894740212,0.007923062549388014
J,5,2009-07-28,0.18704800307750702,0.010220229209861018
J,2,2009-07-28,0.19544563359684414,0.015648618574310803
J,4,2009-07-28,0.2076472110218472,0.012516465135782731
J,1,2009-07-28,0.2304263644748264,0.00974626116989094
J,10,2009-07-28,0.2323509090476566,0.0073879325568809795
J,8,2009-07-28,0.21917738682693905,0.00923009788348675
J,9,2009-07-28,0.19297695987754399,0.010168046328889607
J,7,2009-07-28,0.2056327627764808,0.019586113220132546
J,11,2009-07-28,0.2004353172249264,0.015423696799496562
J,6,2009-07-28,0.24464351104365456,0.01780025177874017
J,3,2009-07-28,0.2262209670411216,0.005415780667851143
J,12,2009-07-28,0.21057064831256866,0.02308513674010411
J,5,2012-07-31,0.36319154169824386,0.017910328446602175
J,2,2012-07-31,0.3491741584406959,0.041358431411270886
J,4,2012-07-31,0.41933052738507587,0.015178880982418298
J,1,2012-07-31,0.4218079878224267,0.006072609888221055
J,10,2012-07-31,0.44782645834816825,0.012090200362609143
J,8,2012-07-31,0.41906911465856767,0.003357943831564584
J,9,2012-07-31,0.15196064445707533,0.0034063142380316882
J,7,2012-07-31,0.37806358602311874,0.021323661872952947
J,11,2012-07-31,0.37125369244151646,0.014534583814424039
J,6,2012-07-31,0.4096696145004696,0.013691389466310225
J,3,2012-07-31,0.42498201462957597,0.0035660062006908837
J,12,2012-07-31,0.42051494121551514,0.030250588064902006
J,5,2013-07-04,0.5369977355003357,0.009657790685025518
J,2,2013-07-04,0.35932686262660557,0.03934603620271166
J,4,2013-07-04,0.605876624584198,0.008108738409752072
J,1,2013-07-04,0.6274179286426969,0.011503039166757639
J,10,2013-07-04,0.5743296146392822,0.004685803740700402
J,8,2013-07-04,0.4986103375752767,0.00900924123492146
J,9,2013-07-04,0.47074973914358353,0.01447858715076547
J,7,2013-07-04,0.39066346486409503,0.015826605569763265
J,11,2013-07-04,0.5855520500077142,0.01762028264901777
J,6,2013-07-04,0.5499320692486234,0.01305690064289387
J,3,2013-07-04,0.5353004005220201,0.011930991212384646
J,12,2013-07-04,0.5606432888242934,0.019938384614604444
J,5,2011-07-05,0.14385849403010476,0.008013143013119246
J,2,2011-07-05,0.2548245886961619,0.018151993665135535
J,4,2011-07-05,0.1466129074494044,0.0100174106183133
J,1,2011-07-05,0.43299608760409886,0.025382393277325617
J,10,2011-07-05,0.559190591176351,0.007581685567701241
J,8,2011-07-05,0.5000983542866178,0.013638625910374935
J,9,2011-07-05,0.1731643792655733,0.010877383062858818
J,7,2011-07-05,0.14263948135905796,0.008324424339575412
J,11,2011-07-05,0.15861638883749643,0.013137069418043278
J,6,2011-07-05,0.15846969021691215,0.015544408044024731
J,3,2011-07-05,0.1451832503080368,0.010791421051913122
J,12,2011-07-05,0.148194948832194,0.009065389007901381
J,5,2010-07-07,0.5598110755284628,0.011680379388366073
J,2,2010-07-07,0.45838499400350785,0.02877988466324754
J,4,2010-07-07,0.6020143164528741,0.021702993630873878
J,1,2010-07-07,0.5952960981263055,0.010007326613362124
J,10,2010-07-07,0.6559257706006368,0.006663697618142272
J,8,2010-07-07,0.6151873336897956,0.009586560485985175
J,9,2010-07-07,0.5382094846831428,0.013470085919789777
J,7,2010-07-07,0.595101879702674,0.01558077944963086
J,11,2010-07-07,0.5704987181557549,0.014793375871082329
J,6,2010-07-07,0.5870374441146851,0.012105067899341848
J,3,2010-07-07,0.5733717746204801,0.02892378727226122
J,12,2010-07-07,0.5852437085575528,0.009277279513336935
J,5,2014-07-07,0.2490603824456533,0.014366408330621416
J,2,2014-07-07,0.21904630462328592,0.015306099259482243
J,4,2014-07-07,0.26877697308858234,0.011793487764322864
J,1,2014-07-07,0.29884811242421466,0.00534015664962543
J,10,2014-07-07,0.32776372300253975,0.008309146052445635
J,8,2014-07-07,0.3125717706150479,0.010051845517451663
J,9,2014-07-07,0.30712562799453735,0.02698811726903132
J,7,2014-07-07,0.27522916926278007,0.0070239122358280535
J,11,2014-07-07,0.2090105199151569,0.006567630820300329
J,6,2014-07-07,0.2137403968307707,0.011684173890921348
J,3,2014-07-07,0.29385621349016827,0.01646715053357737
J,12,2014-07-07,0.31024690469106037,0.0072061588582330955
J,5,2015-07-08,0.1873224659098519,0.00350827736155746
J,2,2015-07-08,0.17712542249096763,0.010596277476893456
J,4,2015-07-08,0.1917621311214235,0.00902379329777368
J,1,2015-07-08,0.1873237109846539,0.003304318507144948
J,10,2015-07-08,0.20258986784352195,0.008545695726923245
J,8,2015-07-08,0.18260374002986485,0.003096487709497155
J,9,2015-07-08,0.17677551011244455,0.0043349980192384195
J,7,2015-07-08,0.18822453750504387,0.005088708734538983
J,11,2015-07-08,0.18683731887075636,0.013275681207707472
J,6,2015-07-08,0.2403988821638955,0.029655157125540215
J,3,2015-07-08,0.18280123505327436,0.0056966626525419345
J,12,2015-07-08,0.1919278750816981,0.007701220129399731
J,5,2011-08-03,0.14990469151073033,0.009199818444929387
J,2,2011-08-03,0.2404541869958242,0.016690557810682433
J,4,2011-08-03,0.15508131351735857,0.008173632381634377
J,1,2011-08-03,0.4406746526559194,0.012476018906688646
J,10,2011-08-03,0.44837097658051384,0.011225262388602294
J,8,2011-08-03,0.3321407172414992,0.011794328100576998
J,9,2011-08-03,0.17353366812070212,0.007784857082796632
J,7,2011-08-03,0.1629716439379586,0.009224934087305233
J,11,2011-08-03,0.16857402523358664,0.015481802408363398
J,6,2011-08-03,0.17920097377565172,0.011895863248861948
J,3,2011-08-03,0.1589494827720854,0.012555562147835816
J,12,2011-08-03,0.17046377890639836,0.016768915448877465
J,5,2012-08-04,0.3328355054060618,0.0331175253620096
J,2,2012-08-04,0.2874567227231132,0.05516676554023406
J,4,2012-08-04,0.4184707734319899,0.027803509896230226
J,1,2012-08-04,0.4184701939423879,0.011935139254595733
J,10,2012-08-04,0.4489220016532474,0.012395584336508572
J,8,2012-08-04,0.3979891969097985,0.005997551012417895
J,9,2012-08-04,0.1388131214512719,0.009596547813978576
J,7,2012-08-04,0.32895276612705654,0.018117942431391462
J,11,2012-08-04,0.3506941828462813,0.018388566611746246
J,6,2012-08-04,0.3927440577083164,0.01187503614366796
J,3,2012-08-04,0.4020342032114665,0.006619716716647753
J,12,2012-08-04,0.43205468191040886,0.021449041881575277
J,5,2014-08-06,0.21693535314665902,0.01547157389911281
J,2,2014-08-06,0.13472767174243927,0.005125836547837451
J,4,2014-08-06,0.296281592713462,0.022620433198595438
J,1,2014-08-06,0.2975858681731754,0.006523524318975504
J,10,2014-08-06,0.3034873935911391,0.00582948839925082
J,8,2014-08-06,0.226670417520735,0.00560846446531267
J,9,2014-08-06,0.14390680028332603,0.00644278065074386
J,7,2014-08-06,0.21896162629127502,0.00799315317150721
J,11,2014-08-06,0.13491224083635542,0.006584813036901064
J,6,2014-08-06,0.1397079113456938,0.007075595965771122
J,3,2014-08-06,0.1648615731133355,0.016000082112937273
J,12,2014-08-06,0.14300616251097786,0.008602975908996053
OD,6,2014-05-30,0.2875257167551253,0.013594528378227728
OD,4,2014-05-30,0.2521718657679028,0.010545084198028588
OD,5,2014-05-30,0.27609046300252277,0.011726872601169065
OD,7,2014-05-30,0.34372067120340133,0.025086192596456086
OD,9,2014-05-30,0.2946159607834286,0.016137412556396454
OD,3,2014-05-30,0.31441666682561237,0.014425593864396699
OD,8,2014-05-30,NA,NA
OD,11,2014-05-30,0.2933136456542545,0.023321207463912256
OD,2,2014-05-30,0.2877170559432771,0.02982273397630806
OD,1,2014-05-30,0.32144298818376327,0.010629166319559728
OD,10,2014-05-30,0.31081649992201066,0.010249611278688153
OD,12,2014-05-30,0.35742029547691345,0.025620525491262806
OD,6,2009-06-10,0.43134557207425434,0.014154333210923927
OD,4,2009-06-10,0.4028854833708869,0.0073310753117146665
OD,5,2009-06-10,0.41484247313605416,0.009692022378455276
OD,7,2009-06-10,0.45224030481444466,0.006644973043495523
OD,9,2009-06-10,0.3987977339161767,0.007582195859700536
OD,3,2009-06-10,0.4461713267697228,0.023514680030327115
OD,8,2009-06-10,NA,NA
OD,11,2009-06-10,0.4233630763159858,0.016224796144166255
OD,2,2009-06-10,0.40720591611332363,0.006788354831105576
OD,1,2009-06-10,0.27269411087036133,0.0514976608772516
OD,10,2009-06-10,0.3939143750402663,0.01218262726744825
OD,12,2009-06-10,0.35779523849487305,0.015937656438721724
OD,6,2012-06-13,0.4496117995844947,0.012963385235003287
OD,4,2012-06-13,0.4975920418898265,0.008755997086500749
OD,5,2012-06-13,0.4896448817518022,0.009947855701024482
OD,7,2012-06-13,0.5579654574394226,0.012058530476428212
OD,9,2012-06-13,0.4911937448713515,0.011016956495161143
OD,3,2012-06-13,0.5972051421801249,0.020241751220441116
OD,8,2012-06-13,NA,NA
OD,11,2012-06-13,0.515079634057151,0.05537734570856715
OD,2,2012-06-13,0.5107184251149496,0.010964577067602427
OD,1,2012-06-13,0.41623346341980827,0.02944512169150685
OD,10,2012-06-13,0.5338561998473274,0.014755843346351228
OD,12,2012-06-13,0.46547776460647583,0.008762800422651415
OD,6,2010-06-15,0.1477676381667455,0.006863257137232648
OD,4,2010-06-15,0.1442948596345054,0.006025412991239236
OD,5,2010-06-15,0.14324977000554404,0.010572519891399507
OD,7,2010-06-15,0.1741404334704081,0.004201669060794839
OD,9,2010-06-15,0.14359151323636374,0.008742641639236926
OD,3,2010-06-15,0.15724632806248134,0.0099820234299137
OD,8,2010-06-15,NA,NA
OD,11,2010-06-15,0.14048083623250326,0.005914869759326478
OD,2,2010-06-15,0.15526273681057823,0.0063237235164465494
OD,1,2010-06-15,0.16801104611820644,0.01559024353845366
OD,10,2010-06-15,0.173488673236635,0.00920501806517549
OD,12,2010-06-15,0.16352023349867928,0.009956071174082596
OD,6,2012-06-15,0.4718737105528514,0.019543297674093178
OD,4,2012-06-15,0.5234038101302253,0.012234886742081306
OD,5,2012-06-15,0.522118091583252,0.011093518907259901
OD,7,2012-06-15,0.583533936076694,0.012304233336493149
OD,9,2012-06-15,0.5194040735562643,0.01415117184876906
OD,3,2012-06-15,0.615395188331604,0.024998305879742205
OD,8,2012-06-15,NA,NA
OD,11,2012-06-15,0.49221542808744645,0.08143787465774308
OD,2,2012-06-15,0.514820482995775,0.016367022789026516
OD,1,2012-06-15,0.39381907052463955,0.04625382425102492
OD,10,2012-06-15,0.5485486321979098,0.007805015698262269
OD,12,2012-06-15,0.49249932501051163,0.00890464840589366
OD,6,2013-06-15,0.533310678270128,0.012337735746003773
OD,4,2013-06-15,0.4941934380266402,0.0021326739101392733
OD,5,2013-06-15,0.4544030295477973,0.006730947200548184
OD,7,2013-06-15,0.5235906375779046,0.005707077906722278
OD,9,2013-06-15,0.4453518059518602,0.02097053673273356
OD,3,2013-06-15,0.47459902697139317,0.01333958823889263
OD,8,2013-06-15,NA,NA
OD,11,2013-06-15,0.5072443584601084,0.01375407210872104
OD,2,2013-06-15,0.39645849665006,0.008130440498325012
OD,1,2013-06-15,0.544886675145891,0.010809005889601805
OD,10,2013-06-15,0.392553534772661,0.010786921204187862
OD,12,2013-06-15,0.3383275402916802,0.01207048858464477
OD,6,2015-06-17,0.5357133083873324,0.01690884860641293
OD,4,2015-06-17,0.5418514741791619,0.023669575283208455
OD,5,2015-06-17,0.4369790454705556,0.008593010553229034
OD,7,2015-06-17,0.5703309774398804,0.010886292155183368
OD,9,2015-06-17,0.47110652923583984,0.006226505473718696
OD,3,2015-06-17,0.5364847448137071,0.008904139346928672
OD,8,2015-06-17,NA,NA
OD,11,2015-06-17,0.539621866411633,0.029122248741943853
OD,2,2015-06-17,0.4373333785268996,0.0216763347189243
OD,1,2015-06-17,0.562994658946991,0.010383610156535647
OD,10,2015-06-17,0.5727475153075324,0.014257045119854476
OD,12,2015-06-17,0.5675838324758742,0.008116110694058428
OD,6,2014-06-19,0.42570801244841683,0.011435432395749054
OD,4,2014-06-19,0.43341893288824296,0.02436617179605386
OD,5,2014-06-19,0.41699350873629254,0.010472676082552233
OD,7,2014-06-19,0.5061247679922316,0.011654940368716902
OD,9,2014-06-19,0.41977518134646946,0.009876792636289282
OD,3,2014-06-19,0.4956248535050286,0.01532185473248031
OD,8,2014-06-19,NA,NA
OD,11,2014-06-19,0.4528499510553148,0.03600962725403891
OD,2,2014-06-19,0.3954237533940209,0.027812709704407978
OD,1,2014-06-19,0.4520227445496453,0.03024601408197375
OD,10,2014-06-19,0.36440882086753845,0.022308162434276562
OD,12,2014-06-19,0.38007110357284546,0.010724681481517583
OD,6,2014-06-02,999999,0
OD,4,2014-06-02,NA,NA
OD,5,2014-06-02,999999,0
OD,7,2014-06-02,NA,NA
OD,9,2014-06-02,999999,0
OD,3,2014-06-02,NA,NA
OD,8,2014-06-02,999999,0
OD,11,2014-06-02,NA,NA
OD,2,2014-06-02,999999,0
OD,1,2014-06-02,NA,NA
OD,10,2014-06-02,999999,0
OD,12,2014-06-02,NA,NA
OD,6,2012-06-25,0.56769816743003,0.01616980800513037
OD,4,2012-06-25,0.62261919842826,0.010617757100956225
OD,5,2012-06-25,0.5927284095022414,0.008183033970988522
OD,7,2012-06-25,0.6581371956401401,0.007681390002391623
OD,9,2012-06-25,0.5909156335724725,0.016491717513427543
OD,3,2012-06-25,0.6745729843775431,0.014693954552066884
OD,8,2012-06-25,NA,NA
OD,11,2012-06-25,0.60750655664338,0.06432407264790549
OD,2,2012-06-25,0.5766211549441019,0.011802425789886248
OD,1,2012-06-25,0.4548697570959727,0.05822056374806707
OD,10,2012-06-25,0.6038285626305474,0.01668300748697214
OD,12,2012-06-25,0.5915461844868131,0.011125644980249044
OD,6,2010-06-27,0.17374040848679012,0.013484771186475081
OD,4,2010-06-27,0.17608159946070778,0.00973302038893572
OD,5,2010-06-27,0.1617154578367869,0.008733676637030936
OD,7,2010-06-27,0.23939179215166304,0.023174699241557063
OD,9,2010-06-27,0.18843483593728808,0.010006900046455087
OD,3,2010-06-27,0.20879760218991172,0.006292511182200188
OD,8,2010-06-27,NA,NA
OD,11,2010-06-27,0.18669416507085165,0.0063729552633076956
OD,2,2010-06-27,0.19255242910650042,0.008222083925049896
OD,1,2010-06-27,0.21363331377506256,0.02840000984059906
OD,10,2010-06-27,0.18533394402927822,0.009135323479217592
OD,12,2010-06-27,0.1812897970279058,0.013307201784048941
OD,6,2013-06-27,0.6351689034038119,0.005880453777715783
OD,4,2013-06-27,0.6120848523245918,0.00719491533769618
OD,5,2013-06-27,0.5504259135988023,0.005605264193437456
OD,7,2013-06-27,0.6297178334660001,0.01131730360510417
OD,9,2013-06-27,0.5561028255356683,0.013212048603896326
OD,3,2013-06-27,0.5929968158404032,0.026908649949768295
OD,8,2013-06-27,NA,NA
OD,11,2013-06-27,0.6245863835016886,0.010570653949112167
OD,2,2013-06-27,0.5107182396782769,0.008360589590637207
OD,1,2013-06-27,0.6395897070566813,0.004603262432038172
OD,10,2013-06-27,0.5207731756899092,0.020858456548363283
OD,12,2013-06-27,0.47524051202668083,0.017179953041816135
OD,6,2012-06-04,999999,0
OD,4,2012-06-04,NA,NA
OD,5,2012-06-04,999999,0
OD,7,2012-06-04,NA,NA
OD,9,2012-06-04,999999,0
OD,3,2012-06-04,NA,NA
OD,8,2012-06-04,999999,0
OD,11,2012-06-04,NA,NA
OD,2,2012-06-04,999999,0
OD,1,2012-06-04,NA,NA
OD,10,2012-06-04,999999,0
OD,12,2012-06-04,NA,NA
OD,6,2011-06-05,999999,0
OD,4,2011-06-05,NA,NA
OD,5,2011-06-05,999999,0
OD,7,2011-06-05,NA,NA
OD,9,2011-06-05,999999,0
OD,3,2011-06-05,NA,NA
OD,8,2011-06-05,999999,0
OD,11,2011-06-05,NA,NA
OD,2,2011-06-05,999999,0
OD,1,2011-06-05,NA,NA
OD,10,2011-06-05,999999,0
OD,12,2011-06-05,NA,NA
OD,6,2015-06-08,0.6098175048828125,0.019415577689604908
OD,4,2015-06-08,0.628575411107805,0.017549274879923794
OD,5,2015-06-08,0.5855036907725863,0.00881602189909217
OD,7,2015-06-08,0.6519670751359727,0.00823289766932338
OD,9,2015-06-08,0.5947941674126519,0.009280116590934086
OD,3,2015-06-08,0.6376116938061185,0.009455591980703839
OD,8,2015-06-08,NA,NA
OD,11,2015-06-08,0.5900738967789544,0.020230384873698836
OD,2,2015-06-08,0.553732779290941,0.033099719320721116
OD,1,2015-06-08,0.6320270498593649,0.009144613333152363
OD,10,2015-06-08,0.6223387320836385,0.00888448145284389
OD,12,2015-06-08,0.6032380925284492,0.007220559325973654
OD,6,2012-07-10,0.5021312567922804,0.014815368235041346
OD,4,2012-07-10,0.562690814336141,0.004553203061289323
OD,5,2012-07-10,0.45800304412841797,0.015178758984166686
OD,7,2012-07-10,0.62900443871816,0.004258949416686237
OD,9,2012-07-10,0.4938902159531911,0.025857035404337914
OD,3,2012-07-10,0.6258755856090121,0.018355608647358954
OD,8,2012-07-10,NA,NA
OD,11,2012-07-10,0.556383255455229,0.06941637696683062
OD,2,2012-07-10,0.4492424560917748,0.014786181493048837
OD,1,2012-07-10,0.45226671629481846,0.03503038203377556
OD,10,2012-07-10,0.5049320095115237,0.0120799212807885
OD,12,2012-07-10,0.5255715582105849,0.00643386731211206
OD,6,2014-07-11,0.44780497749646503,0.014442064681289009
OD,4,2014-07-11,0.42706719040870667,0.030889220717516982
OD,5,2014-07-11,0.39263136519326103,0.006359801558884587
OD,7,2014-07-11,0.5258819527096219,0.006250956373227749
OD,9,2014-07-11,0.4345093435711331,0.00773442766316637
OD,3,2014-07-11,0.5021265844504038,0.01852862679637458
OD,8,2014-07-11,NA,NA
OD,11,2014-07-11,0.5057649281289842,0.01047766842676899
OD,2,2014-07-11,0.3961954514185588,0.008107526183186633
OD,1,2014-07-11,0.4885826044612461,0.01089360599294077
OD,10,2014-07-11,0.4052198893494076,0.029321663304429674
OD,12,2014-07-11,0.41752885116471183,0.01716593742661956
OD,6,2011-07-15,0.5663341879844666,0.0282361580000589
OD,4,2011-07-15,0.6144673493173387,0.010899919967787844
OD,5,2011-07-15,0.4182991617255741,0.006796694195926632
OD,7,2011-07-15,0.6341017352210151,0.01206143017891589
OD,9,2011-07-15,0.4932894640498691,0.02064809805260862
OD,3,2011-07-15,0.6100388632880317,0.02498876324741962
OD,8,2011-07-15,NA,NA
OD,11,2011-07-15,0.5330755677488115,0.035659465279871454
OD,2,2011-07-15,0.44374431173006695,0.023687165803329878
OD,1,2011-07-15,0.4291700455877516,0.02002158096410304
OD,10,2011-07-15,0.5336444344785478,0.026074504930522036
OD,12,2011-07-15,0.54582236872779,0.008581077959549975
OD,6,2012-07-15,0.46210137009620667,0.031373715761698985
OD,4,2012-07-15,0.5072052445676591,0.01639417333759332
OD,5,2012-07-15,0.39385521080758834,0.011966209879632357
OD,7,2012-07-15,0.5995122922791375,0.008943655622968042
OD,9,2012-07-15,0.43899796075291103,0.030055387400210954
OD,3,2012-07-15,0.6095029844178094,0.017821994151466413
OD,8,2012-07-15,NA,NA
OD,11,2012-07-15,0.5706482032934824,0.04971280647834494
OD,2,2012-07-15,0.36889814999368453,0.008776048689255968
OD,1,2012-07-15,0.4672557016213735,0.05517492336925442
OD,10,2012-07-15,0.4527379208140903,0.025263701514646054
OD,12,2012-07-15,0.4634995824760861,0.009890667454319201
OD,6,2013-07-15,0.4031280212932163,0.03320487891438465
OD,4,2013-07-15,0.4324180781841278,0.016023785825239552
OD,5,2013-07-15,0.2930607828829024,0.00872509284073389
OD,7,2013-07-15,0.5023555523819394,0.010126195756018003
OD,9,2013-07-15,0.3489241533809238,0.009717149150904218
OD,3,2013-07-15,0.47538137435913086,0.008267794525827503
OD,8,2013-07-15,NA,NA
OD,11,2013-07-15,0.5405843655268351,0.010650765382398203
OD,2,2013-07-15,0.3705558313263787,0.012339868922311358
OD,1,2013-07-15,0.4353550242053138,0.01308119157203254
OD,10,2013-07-15,0.41387176513671875,0.011407099464658529
OD,12,2013-07-15,0.40356432729297215,0.009482382395447976
OD,6,2015-07-15,0.14356573753886753,0.0051263753424039835
OD,4,2015-07-15,0.15022046698464286,0.004165579856475967
OD,5,2015-07-15,0.14891432556841108,0.002935205747408982
OD,7,2015-07-15,0.1503054847319921,0.00423119190121341
OD,9,2015-07-15,0.14854935308297476,0.003715384170325926
OD,3,2015-07-15,0.14672741459475624,0.003010189532844577
OD,8,2015-07-15,NA,NA
OD,11,2015-07-15,0.14115950465202332,0.005353715290275486
OD,2,2015-07-15,0.14233539998531342,0.007033055167757177
OD,1,2015-07-15,0.1461553672949473,0.003721937704460358
OD,10,2015-07-15,0.15216907693280113,0.003778597201701056
OD,12,2015-07-15,0.14638460675875345,0.005110643758654422
OD,6,2013-07-24,0.18915074401431614,0.026512033105872395
OD,4,2013-07-24,0.19795908364984724,0.013562948741789682
OD,5,2013-07-24,0.1442603435781267,0.004556044810189427
OD,7,2013-07-24,0.33559252156151664,0.01593595714309064
OD,9,2013-07-24,0.17065035303433737,0.011044183306207054
OD,3,2013-07-24,0.2768367562029097,0.009707318819974737
OD,8,2013-07-24,NA,NA
OD,11,2013-07-24,0.35672713981734383,0.015658625870413733
OD,2,2013-07-24,0.17652519047260284,0.012069612902096799
OD,1,2013-07-24,0.22599773108959198,0.01599325554459688
OD,10,2013-07-24,0.20779918630917868,0.01493588321338474
OD,12,2013-07-24,0.21383158531453875,0.012880640569357688
OD,6,2009-07-28,0.26767078869872624,0.016767952329049537
OD,4,2009-07-28,0.272126038869222,0.020424089568405017
OD,5,2009-07-28,0.1992895652850469,0.009664336544264122
OD,7,2009-07-28,0.43973573711183334,0.007114990226256874
OD,9,2009-07-28,0.21378519303268856,0.006671075375155391
OD,3,2009-07-28,0.3807743059264289,0.026343986052620425
OD,8,2009-07-28,NA,NA
OD,11,2009-07-28,0.4175329903761546,0.02530327997549023
OD,2,2009-07-28,0.1986558304892646,0.012424851744792645
OD,1,2009-07-28,0.29789451095792985,0.026927334152483315
OD,10,2009-07-28,0.24197605748971304,0.007363579539719406
OD,12,2009-07-28,0.2219191955195533,0.010739122382347336
OD,6,2012-07-31,0.22162811789247724,0.01177628980306837
OD,4,2012-07-31,0.223062621222602,0.011100323822960827
OD,5,2012-07-31,0.17604601714346144,0.003211010302638729
OD,7,2012-07-31,0.3366068634721968,0.0052642506930043725
OD,9,2012-07-31,0.17883148458268908,0.0086540886278453
OD,3,2012-07-31,0.2488175647126304,0.01668192063128156
OD,8,2012-07-31,NA,NA
OD,11,2012-07-31,0.3057105508115556,0.01467740762980533
OD,2,2012-07-31,0.18150360220008427,0.004422344147945227
OD,1,2012-07-31,0.2833380020327038,0.023608643095009433
OD,10,2012-07-31,0.208817011780209,0.0034945453477414905
OD,12,2012-07-31,0.19171928034888375,0.010701559903596298
OD,6,2013-07-04,0.6064628693792555,0.022521018301831695
OD,4,2013-07-04,0.602027436097463,0.012435471544601307
OD,5,2013-07-04,0.5179281897015042,0.016022057098089414
OD,7,2013-07-04,0.6383682754304674,0.003793357561044782
OD,9,2013-07-04,0.5587469869189792,0.016248103191107668
OD,3,2013-07-04,0.6193338433901469,0.017658562331930642
OD,8,2013-07-04,NA,NA
OD,11,2013-07-04,0.6593480043941073,0.010015030570657692
OD,2,2013-07-04,0.5159003502792783,0.016423186137918832
OD,1,2013-07-04,0.642453756597307,0.005198969954849511
OD,10,2013-07-04,0.5807231267293295,0.014041117257628927
OD,12,2013-07-04,0.5453170074356927,0.017996705541117975
OD,6,2011-07-05,0.6048125955793593,0.014428771845270456
OD,4,2011-07-05,0.615883900059594,0.007593776836200388
OD,5,2011-07-05,0.47863126463360256,0.01570009219835752
OD,7,2011-07-05,0.6450947125752767,0.008289783017966432
OD,9,2011-07-05,0.5391471253501045,0.012073348919121998
OD,3,2011-07-05,0.6181316640641954,0.008473494530238124
OD,8,2011-07-05,NA,NA
OD,11,2011-07-05,0.503204862276713,0.03082390957392282
OD,2,2011-07-05,0.5039142237769233,0.014151517887556569
OD,1,2011-07-05,0.40922752022743225,0.02919069972623563
OD,10,2011-07-05,0.5658417741457621,0.02063144161728017
OD,12,2011-07-05,0.5625540282991197,0.008973671023527004
OD,6,2010-07-07,0.17640656563970777,0.018635737826159855
OD,4,2010-07-07,0.20278187923961216,0.008758596094353357
OD,5,2010-07-07,0.1842306653658549,0.006564112371271342
OD,7,2010-07-07,0.25253111786312527,0.005104707219548561
OD,9,2010-07-07,0.23583518630928463,0.008420379937138275
OD,3,2010-07-07,0.2657608538866043,0.010886688547441166
OD,8,2010-07-07,NA,NA
OD,11,2010-07-07,0.20604613588915932,0.00796846372989
OD,2,2010-07-07,0.2391356047656801,0.010996007295437841
OD,1,2010-07-07,0.2897384348842833,0.029250573272414176
OD,10,2010-07-07,0.17919931146833631,0.0104031413993231
OD,12,2010-07-07,0.19693537056446075,0.0133777548542978
OD,6,2014-07-07,0.4710211389594608,0.00911120350416995
OD,4,2014-07-07,0.47856032186084324,0.014366078528444064
OD,5,2014-07-07,0.4276181161403656,0.009185904328647401
OD,7,2014-07-07,0.5133676065338982,0.0055466806201358845
OD,9,2014-07-07,0.4356560276614295,0.003924944964959378
OD,3,2014-07-07,0.5023786326249441,0.020829710368034146
OD,8,2014-07-07,NA,NA
OD,11,2014-07-07,0.44520201947953963,0.03700608044725343
OD,2,2014-07-07,0.37979672021336025,0.020408433604890888
OD,1,2014-07-07,0.43964764806959367,0.018764960308929882
OD,10,2014-07-07,0.3709216018517812,0.015447731365132831
OD,12,2014-07-07,0.39844432804319596,0.006571450173177544
OD,6,2015-07-08,0.17087955276171365,0.0065411113142758584
OD,4,2015-07-08,0.1765122132168876,0.005203752774493818
OD,5,2015-07-08,0.16241765022277832,0.005730158500929375
OD,7,2015-07-08,0.1839488512939877,0.004695357088832395
OD,9,2015-07-08,0.16690964996814728,0.006089529996453065
OD,3,2015-07-08,0.17816144062413108,0.005527220060472511
OD,8,2015-07-08,NA,NA
OD,11,2015-07-08,0.18650485244062212,0.017551650805272743
OD,2,2015-07-08,0.1684187352657318,0.012271545571246342
OD,1,2015-07-08,0.18931780424382952,0.006317203254134375
OD,10,2015-07-08,0.16571953727139366,0.0022615911001519335
OD,12,2015-07-08,0.17199984027279747,0.005456006508086909
OD,6,2011-08-03,0.20411896540058982,0.010057433998744654
OD,4,2011-08-03,0.2142224543624454,0.013907007790871588
OD,5,2011-08-03,0.18520081705517238,0.005391091465221145
OD,7,2011-08-03,0.2544428888294432,0.014917763056911164
OD,9,2011-08-03,0.18910939825905693,0.011365874188708049
OD,3,2011-08-03,0.20933674938148922,0.006887204480055764
OD,8,2011-08-03,NA,NA
OD,11,2011-08-03,0.2481018818087048,0.017492184522387842
OD,2,2011-08-03,0.18837779263655344,0.004327261714053739
OD,1,2011-08-03,0.22998318407270643,0.02017653117620949
OD,10,2011-08-03,0.1978006528483497,0.006355247512373991
OD,12,2011-08-03,0.2031407869524426,0.008740402519936626
OD,6,2012-08-04,0.17618846065468258,0.013734666625197844
OD,4,2012-08-04,0.18026898801326752,0.01403625853849116
OD,5,2012-08-04,0.16576526231235927,0.009680102176342903
OD,7,2012-08-04,0.26595579584439594,0.0070569803119129165
OD,9,2012-08-04,0.1720679650704066,0.007611453824229595
OD,3,2012-08-04,0.22062828640143076,0.009121816066953461
OD,8,2012-08-04,NA,NA
OD,11,2012-08-04,0.23488659660021463,0.010182708857990285
OD,2,2012-08-04,0.166886857814259,0.009786666268725455
OD,1,2012-08-04,0.2694898711310493,0.020000037787609053
OD,10,2012-08-04,0.18316665126217735,0.006483077679745489
OD,12,2012-08-04,0.17828887204329172,0.00835994852599677
W,11,2015-04-30,0.1991451233625412,0.017648061471689406
W,1,2015-04-30,0.19166277845700583,0.00894058044932932
W,12,2015-04-30,0.18150708576043448,0.00291332229619144
W,10,2015-04-30,0.18208013309372795,0.009895827909095834
W,2,2015-04-30,0.18986823823716906,0.002941526362903861
W,9,2015-04-30,0.20132690833674538,0.010301553262301774
W,7,2015-04-30,0.19698846174610984,0.020133853712965888
W,8,2015-04-30,0.20779084165891012,0.006958977266698359
W,3,2015-04-30,0.17187025646368662,0.0032253231807998664
W,4,2015-04-30,0.20193902982605827,0.010814865934674628
W,6,2015-04-30,0.1914105216662089,0.007783734693089121
W,5,2015-04-30,0.1847461329566108,0.0072390578601667956
W,11,2010-05-15,0.6464668578571744,0.02135456360114763
W,1,2010-05-15,0.18616890907287598,0.013492691788564198
W,12,2010-05-15,0.19241479535897574,0.012673288944624507
W,10,2010-05-15,0.6230454842249552,0.009476276780445323
W,2,2010-05-15,0.17051139970620474,0.011126749310686945
W,9,2010-05-15,0.6156277987692091,0.022848986991335248
W,7,2010-05-15,0.17422865000036028,0.015219876490462407
W,8,2010-05-15,0.18747829728656346,0.012279790123053693
W,3,2010-05-15,0.17632671859529284,0.010162453895763897
W,4,2010-05-15,0.17927109201749167,0.024995339370407273
W,6,2010-05-15,0.17681323654121822,0.006327226511792027
W,5,2010-05-15,0.16898723940054575,0.010475277359101498
W,11,2009-05-22,0.1719713012377421,0.012345887742677574
W,1,2009-05-22,0.4482737117343479,0.012746733148065046
W,12,2009-05-22,0.46004819207721287,0.022490055847544224
W,10,2009-05-22,0.15963377555211386,0.009839036058608941
W,2,2009-05-22,0.467467059691747,0.026109830043523373
W,9,2009-05-22,0.17378531065252092,0.01935149450787538
W,7,2009-05-22,0.4795156982209947,0.04347402580684841
W,8,2009-05-22,0.46519071525997585,0.014561391711570474
W,3,2009-05-22,0.4655647642082638,0.023958213547270013
W,4,2009-05-22,0.5134181910090976,0.009076232081144687
W,6,2009-05-22,0.46135714319017196,0.033087692207497056
W,5,2009-05-22,0.5421735843022665,0.008838243237595815
W,11,2014-05-30,0.20703193545341492,0.012272869103184068
W,1,2014-05-30,0.18183086646927726,0.005862305559151094
W,12,2014-05-30,0.19259095523092482,0.012904810128461976
W,10,2014-05-30,0.18918091389867994,0.002948354570879002
W,2,2014-05-30,0.190798776017295,0.008433214408140717
W,9,2014-05-30,0.1835167176193661,0.007770898001468251
W,7,2014-05-30,0.18179891341262394,0.012789055020681409
W,8,2014-05-30,0.17485924561818442,0.006159751796949301
W,3,2014-05-30,0.188822564151552,0.009837725235684585
W,4,2014-05-30,0.1642937958240509,0.0077516486978428285
W,6,2014-05-30,0.1733772704998652,0.0060194849562351105
W,5,2014-05-30,0.1878304878870646,0.004677371766889838
W,11,2009-06-10,0.2125279208024343,0.00819726852784816
W,1,2009-06-10,0.5231811139318678,0.030014688386145485
W,12,2009-06-10,0.4620191156864166,0.03195468381368697
W,10,2009-06-10,0.20956838296519387,0.013462819733390073
W,2,2009-06-10,0.5133654243416257,0.01941855154096348
W,9,2009-06-10,0.21977137360307905,0.007890201997542805
W,7,2009-06-10,0.4725663794411553,0.01935530539819964
W,8,2009-06-10,0.5424829787678189,0.012547364401736682
W,3,2009-06-10,0.5220056540436215,0.017137161505248855
W,4,2009-06-10,0.5951534046067132,0.006699980623008423
W,6,2009-06-10,0.5577639208899604,0.019519810046640607
W,5,2009-06-10,0.5712401072184244,0.011770369186486454
W,11,2015-06-13,0.27577751874923706,0.02009610897250046
W,1,2015-06-13,0.2712084982130263,0.0068217738759654475
W,12,2015-06-13,0.22693025403552586,0.006656192651894625
W,10,2015-06-13,0.2391045010752148,0.004912408768167799
W,2,2015-06-13,0.23297375606165993,0.0041991520150136364
W,9,2015-06-13,0.23982969919840494,0.0027170142513580162
W,7,2015-06-13,0.26144235332806903,0.00829603985639039
W,8,2015-06-13,0.2308497577905655,0.007976393331553283
W,3,2015-06-13,0.23398326834042868,0.012718055869993783
W,4,2015-06-13,0.23264169692993164,0.007221547808442
W,6,2015-06-13,0.26520731382899815,0.008491326899402196
W,5,2015-06-13,0.3035770853360494,0.008313279798130875
W,11,2013-06-15,0.5694376031557719,0.004829662565301616
W,1,2013-06-15,0.5435337026913961,0.010282600431202594
W,12,2013-06-15,0.5017455915609995,0.01779826071931489
W,10,2013-06-15,0.5371489723523458,0.013643833279535542
W,2,2013-06-15,0.5769007669554816,0.02127539126558279
W,9,2013-06-15,0.5598621765772501,0.020371396594843064
W,7,2013-06-15,0.47441261675622726,0.02403338478339224
W,8,2013-06-15,0.5644074016147189,0.006294030831486154
W,3,2013-06-15,0.5200561185677847,0.023414993217860076
W,4,2013-06-15,0.5893025663163927,0.011453840462163125
W,6,2013-06-15,0.5426256789101495,0.0034420512391331675
W,5,2013-06-15,0.5691250297758315,0.0029417282543374294
W,11,2014-06-19,0.5463648239771525,0.035367996992924464
W,1,2014-06-19,0.5169163114494748,0.024139092011617853
W,12,2014-06-19,0.5537251101599799,0.016256759660575295
W,10,2014-06-19,0.56834301021364,0.01890256469315111
W,2,2014-06-19,0.5576361748907301,0.017518703852748972
W,9,2014-06-19,0.5289376775423685,0.022968803278263714
W,7,2014-06-19,0.5318671001328362,0.0401187946602031
W,8,2014-06-19,0.4275120662318336,0.018804344721016948
W,3,2014-06-19,0.5238495601548089,0.015032777969483468
W,4,2014-06-19,0.32883136802249485,0.0231252855107099
W,6,2014-06-19,0.44679103295008343,0.033344889242704095
W,5,2014-06-19,0.4217492706245846,0.013620213009181585
W,11,2011-06-21,0.3743267191780938,0.01764298947753377
W,1,2011-06-21,0.46525490946239895,0.01970490456808515
W,12,2011-06-21,0.3841191861364577,0.02882177502558151
W,10,2011-06-21,0.3018323216173384,0.01602848596425382
W,2,2011-06-21,0.488932599623998,0.014254895201790263
W,9,2011-06-21,0.4089832968182034,0.026817146141244873
W,7,2011-06-21,0.4538041518794166,0.03311430065305019
W,8,2011-06-21,0.41120890776316327,0.027141345381983737
W,3,2011-06-21,0.5000303056504991,0.028949379284730306
W,4,2011-06-21,0.45500198668903774,0.03162025650770961
W,6,2011-06-21,0.46455273032188416,0.012227427546326504
W,5,2011-06-21,0.5158390866385566,0.013464424184489123
W,11,2012-06-23,0.2292411873737971,0.004740008770205477
W,1,2012-06-23,0.23675022522608438,0.009623379847115449
W,12,2012-06-23,0.23747242656019,0.006287453756091763
W,10,2012-06-23,0.23509467475944096,0.01761682618848911
W,2,2012-06-23,0.20596679382854038,0.009627385210991341
W,9,2012-06-23,0.23175005780325997,0.00761141897922615
W,7,2012-06-23,0.24443521267837948,0.015399275432386006
W,8,2012-06-23,0.2395297818713718,0.004470661582243508
W,3,2012-06-23,0.23262357711791992,0.004406081450508509
W,4,2012-06-23,0.20978695154190063,0.008903284509700826
W,6,2012-06-23,0.21069935792022282,0.005121841698505657
W,5,2012-06-23,0.22788578271865845,0.011460518110359155
W,11,2012-06-25,0.24010035726759169,0.005396701342007199
W,1,2012-06-25,0.24328148696157667,0.016340886497219
W,12,2012-06-25,0.24930020504527622,0.004669354382826669
W,10,2012-06-25,0.2534123394224379,0.008289304934004989
W,2,2012-06-25,0.21190337671173942,0.01011851960698293
W,9,2012-06-25,0.2277871055735482,0.010301986491928284
W,7,2012-06-25,0.24250851571559906,0.021097835656207823
W,8,2012-06-25,0.24089146653811136,0.012892677532015763
W,3,2012-06-25,0.24263280464543235,0.007190665213251834
W,4,2012-06-25,0.19689786930878958,0.008948237987335489
W,6,2012-06-25,0.21066641641987693,0.011852369017046647
W,5,2012-06-25,0.24670473237832388,0.015498887009297975
W,11,2010-06-27,0.692587415377299,0.003417596879613487
W,1,2010-06-27,0.6320527527067397,0.010458920538842578
W,12,2010-06-27,0.6020569006601969,0.005304494535113913
W,10,2010-06-27,0.6832948724428812,0.004632735279753857
W,2,2010-06-27,0.6234266956647238,0.00889990617548053
W,9,2010-06-27,0.6771208047866821,0.005679856417613729
W,7,2010-06-27,0.6578787763913473,0.015889253073009063
W,8,2010-06-27,0.5958883497450087,0.014946759224209873
W,3,2010-06-27,0.6365621421072218,0.008917339673628037
W,4,2010-06-27,0.5237298276689317,0.02554076795654804
W,6,2010-06-27,0.6193383667204115,0.02052551408071988
W,5,2010-06-27,0.5759096476766798,0.019889530851398354
W,11,2013-06-27,0.5074241492483351,0.005349392948029553
W,1,2013-06-27,0.49624372522036236,0.023695639513843816
W,12,2013-06-27,0.4867987467183007,0.02165854564290521
W,10,2013-06-27,0.47287965483135647,0.01080325653896238
W,2,2013-06-27,0.548324293560452,0.012065275617657228
W,9,2013-06-27,0.5023519761032529,0.029250203930138927
W,7,2013-06-27,0.4448276095920139,0.0309823973042593
W,8,2013-06-27,0.5214624669816759,0.00749689123964429
W,3,2013-06-27,0.49457717272970414,0.04307948132898114
W,4,2013-06-27,0.5332227879100375,0.013832757563825624
W,6,2013-06-27,0.49807918071746826,0.010885326186106901
W,5,2013-06-27,0.49525707297854954,0.0075637863926254715
W,11,2009-06-28,0.32351622978846234,0.0046358939794370465
W,1,2009-06-28,0.3452339205476973,0.01678677107540692
W,12,2009-06-28,0.33418040805392796,0.022598291850849554
W,10,2009-06-28,0.32085919711324906,0.01201464774119886
W,2,2009-06-28,0.3971346848540836,0.018695234255827586
W,9,2009-06-28,0.31640176640616524,0.010250709860973501
W,7,2009-06-28,0.30907657080226475,0.026909041426144382
W,8,2009-06-28,0.3571012119452159,0.019857149827347896
W,3,2009-06-28,0.371078007751041,0.04461580750620182
W,4,2009-06-28,0.482486281130049,0.021225781166980724
W,6,2009-06-28,0.4485658175415463,0.02261624689174321
W,5,2009-06-28,0.4416348768605126,0.01269548148373525
W,11,2014-06-30,0.6061860786543952,0.023359100336351468
W,1,2014-06-30,0.5126962926652696,0.016846113995480486
W,12,2014-06-30,0.590300096405877,0.01583747028563664
W,10,2014-06-30,0.5663138628005981,0.03291870645550865
W,2,2014-06-30,0.577845209174686,0.025582275026927906
W,9,2014-06-30,0.547924260298411,0.05038068360682532
W,7,2014-06-30,0.5700007081031799,0.02233955758016393
W,8,2014-06-30,0.5086512433158027,0.022181326079210237
W,3,2014-06-30,0.5773863461282518,0.023354282019582215
W,4,2014-06-30,0.4211804336971707,0.04998291520222887
W,6,2014-06-30,0.5283993946181403,0.032072299238866904
W,5,2014-06-30,0.5597372055053711,0.03127172977184815
W,11,2013-06-06,0.6371289491653442,0.008265971453209764
W,1,2013-06-06,0.6006083356009589,0.010035428130540685
W,12,2013-06-06,0.5952777928776212,0.01286067069872389
W,10,2013-06-06,0.6308645473586189,0.014555476796281842
W,2,2013-06-06,0.612746947341495,0.017738773851368673
W,9,2013-06-06,0.6358036067750719,0.02065227073916482
W,7,2013-06-06,0.5960340566105313,0.010014351678592845
W,8,2013-06-06,0.6282386316193475,0.008760606122448687
W,3,2013-06-06,0.6002871990203857,0.021628501326220767
W,4,2013-06-06,0.6288641161388822,0.009753594434955161
W,6,2013-06-06,0.6267509791586134,0.006882976117689037
W,5,2013-06-06,0.6333854860729642,0.007869604925914403
W,11,2015-06-08,0.23619025945663452,0.01057546688443173
W,1,2015-06-08,0.23211217754416996,0.011776728898731404
W,12,2015-06-08,0.2000890291399426,0.0040344312010428115
W,10,2015-06-08,0.2020407716433207,0.0061272930528014505
W,2,2015-06-08,0.20039376450909507,0.004577535808985023
W,9,2015-06-08,0.21263110637664795,0.005311193471240235
W,7,2015-06-08,0.2200182858440611,0.011706582180363915
W,8,2015-06-08,0.19891081915961373,0.004802578748263904
W,3,2015-06-08,0.20318913790914747,0.006781962202187831
W,4,2015-06-08,0.2029324538177914,0.006551098008437758
W,6,2015-06-08,0.2206165525648329,0.006693556944607622
W,5,2015-06-08,0.2501863373650445,0.015644378468826884
W,11,2014-07-11,0.5766090883149041,0.024370418855596754
W,1,2014-07-11,0.5409863657421536,0.02862495547295505
W,12,2014-07-11,0.5935712390475802,0.016662364127035593
W,10,2014-07-11,0.5531380507681105,0.013562252187794993
W,2,2014-07-11,0.6114232540130615,0.019016342333699587
W,9,2014-07-11,0.5569446616702609,0.03788859661049973
W,7,2014-07-11,0.5395307275984023,0.0219947767731665
W,8,2014-07-11,0.5358588695526123,0.012529671738877543
W,3,2014-07-11,0.5791827241579691,0.03366876103929007
W,4,2014-07-11,0.49403051204151577,0.034780295185718055
W,6,2014-07-11,0.5769690540101793,0.019759993596666678
W,5,2014-07-11,0.5525641573799981,0.02607443708268066
W,11,2011-07-15,0.570737275812361,0.012197642133900103
W,1,2011-07-15,0.3703221811188592,0.025042173535930745
W,12,2011-07-15,0.33559056785371566,0.009277644638870734
W,10,2011-07-15,0.5305189689000448,0.012620135254162395
W,2,2011-07-15,0.3865848746564653,0.012402864141616938
W,9,2011-07-15,0.5784316923883226,0.009275862482292977
W,7,2011-07-15,0.3433205518457625,0.030211373539180172
W,8,2011-07-15,0.343648976749844,0.016314779057916052
W,3,2011-07-15,0.3803362515237596,0.032537083630070573
W,4,2011-07-15,0.36282992362976074,0.02121050876088368
W,6,2011-07-15,0.4161289930343628,0.007974717763637186
W,5,2011-07-15,0.4071025484138065,0.016276616509840313
W,11,2012-07-15,0.43084559506840175,0.0130069490834319
W,1,2012-07-15,0.4471568895710839,0.014469918698059801
W,12,2012-07-15,0.4364742437998454,0.009350359362837771
W,10,2012-07-15,0.43335266908009845,0.009060775044947069
W,2,2012-07-15,999999,0
W,9,2012-07-15,0.42105897267659503,0.008429441777288504
W,7,2012-07-15,0.44697008199161953,0.007607085653773237
W,8,2012-07-15,0.42302458153830635,0.014648750755177223
W,3,2012-07-15,0.41688603162765503,0.010622383417958512
W,4,2012-07-15,0.37067873279253644,0.015275460339594359
W,6,2012-07-15,0.40427061915397644,0.006161050728975955
W,5,2012-07-15,0.4248472551504771,0.008811166040901411
W,11,2013-07-15,0.16315729088253444,0.013842910414158643
W,1,2013-07-15,0.1578165723217858,0.010597019592596525
W,12,2013-07-15,0.15073730382654402,0.0077692818273149096
W,10,2013-07-15,0.14672703544298807,0.007563004074293883
W,2,2013-07-15,0.16203368537955815,0.005283711982117788
W,9,2013-07-15,0.15210488438606262,0.008931002342418094
W,7,2013-07-15,0.14246775541040632,0.005377694118196518
W,8,2013-07-15,0.15657666656706068,0.013180095727826607
W,3,2013-07-15,0.15205243561002943,0.006230039414187624
W,4,2013-07-15,0.16351663900746238,0.013212213767882435
W,6,2013-07-15,0.15134095152219137,0.009245265081337009
W,5,2013-07-15,0.15353634622361925,0.00998138985026963
W,11,2009-07-02,0.3674780097272661,0.007312297586839374
W,1,2009-07-02,0.340584483411577,0.029961842807309118
W,12,2009-07-02,0.3430461320612166,0.03328353256978203
W,10,2009-07-02,0.38046329220136005,0.007588528435436377
W,2,2009-07-02,0.3347338140010834,0.0081960894720082
W,9,2009-07-02,0.35527560114860535,0.006369507663660847
W,7,2009-07-02,0.29127302434709335,0.03253304358715562
W,8,2009-07-02,0.32205724385049606,0.010659085326082639
W,3,2009-07-02,0.36075060897403294,0.05482499689827537
W,4,2009-07-02,0.41703100005785626,0.017213339311107318
W,6,2009-07-02,0.40868517094188267,0.012397046199083366
W,5,2009-07-02,0.3868976632754008,0.007855321631917479
W,11,2014-07-22,0.3936377896202935,0.01183225837571305
W,1,2014-07-22,0.3750849531756507,0.018132724632722943
W,12,2014-07-22,0.4081974956724379,0.019251617077146524
W,10,2014-07-22,0.36936503317621017,0.012097196568695803
W,2,2014-07-22,0.4512775242328644,0.027574450650616197
W,9,2014-07-22,0.4148210386435191,0.020868670807579738
W,7,2014-07-22,0.3549235959847768,0.04077927899638467
W,8,2014-07-22,0.42505479521221584,0.013067771762492313
W,3,2014-07-22,0.43034157156944275,0.04627562181050495
W,4,2014-07-22,0.4005158709155189,0.021126401208729825
W,6,2014-07-22,0.4023600154452854,0.030940073798090256
W,5,2014-07-22,0.4326784412066142,0.00929587526590979
W,11,2009-07-24,0.43412718839115566,0.014078094835721934
W,1,2009-07-24,0.15668857925468022,0.008301098580178329
W,12,2009-07-24,0.14964719282256234,0.00560438122412586
W,10,2009-07-24,0.40657944480578107,0.005773388527645406
W,2,2009-07-24,0.14370835489696926,0.01004365909586618
W,9,2009-07-24,0.4109707276026408,0.01122570618158823
W,7,2009-07-24,0.139508788784345,0.0096572477210678815
W,8,2009-07-24,0.14798563222090402,0.006842943760338471
W,3,2009-07-24,0.14673972212606007,0.014799208972307368
W,4,2009-07-24,0.15157024562358856,0.004356036335106963
W,6,2009-07-24,0.1584493037727144,0.006359134935667844
W,5,2009-07-24,0.13951236671871609,0.006735911523746117
W,11,2013-07-24,0.13512221061521107,0.01560426701802532
W,1,2013-07-24,0.13100157926479974,0.005200256642480143
W,12,2013-07-24,0.13010043650865555,0.007164178804902515
W,10,2013-07-24,0.12122442738877402,0.009225236543274442
W,2,2013-07-24,0.1360023468732834,0.0057461593933663254
W,9,2013-07-24,0.13255997912751305,0.008635009383271964
W,7,2013-07-24,0.1247064405017429,0.0042216829415415965
W,8,2013-07-24,0.13031331284178627,0.009188754814648425
W,3,2013-07-24,0.13175112091832691,0.010324146992835653
W,4,2013-07-24,0.13769557078679404,0.004416808318953966
W,6,2013-07-24,0.13505706522199842,0.0056869059942581705
W,5,2013-07-24,0.13277722812361187,0.008816832792680999
W,11,2012-07-25,0.4767969515588548,0.00894458544515143
W,1,2012-07-25,0.4940979282061259,0.018741209395294275
W,12,2012-07-25,0.5045566625065274,0.021363558363786075
W,10,2012-07-25,0.4711042708820767,0.013869150070738826
W,2,2012-07-25,0.463253829214308,0.010076331875723925
W,9,2012-07-25,0.46896978219350177,0.009891343293841585
W,7,2012-07-25,0.48914750417073566,0.014611598818274209
W,8,2012-07-25,0.4930616683430142,0.014943141213393884
W,3,2012-07-25,0.4751005470752716,0.010980255406206018
W,4,2012-07-25,0.40790360503726536,0.014527775375321466
W,6,2012-07-25,0.4622383581267463,0.016328693265532938
W,5,2012-07-25,0.49566881524191964,0.015005384732987686
W,11,2011-07-27,0.5550351076655917,0.01603470700999141
W,1,2011-07-27,0.2501130898793538,0.017529615602150658
W,12,2011-07-27,0.26245185401704574,0.009931803040412966
W,10,2011-07-27,0.5008784002727933,0.01985217453630489
W,2,2011-07-27,0.24636196924580467,0.015110481721494816
W,9,2011-07-27,0.5398766530884637,0.008941787251123939
W,7,2011-07-27,0.2607232795821296,0.029278614841168643
W,8,2011-07-27,0.2701067560248905,0.009407929004863837
W,3,2011-07-27,0.25426147050327724,0.02048173281682605
W,4,2011-07-27,0.26951425274213153,0.009282398047537754
W,6,2011-07-27,0.2764972514576382,0.011866410679838667
W,5,2011-07-27,0.24148665368556976,0.013014301849753879
W,11,2010-07-07,0.5419387618700663,0.007398938513406838
W,1,2010-07-07,0.5935213300916884,0.011994357316874189
W,12,2010-07-07,0.5654316014713712,0.007700846805245604
W,10,2010-07-07,0.5269850095113119,0.011365433351338704
W,2,2010-07-07,0.5916447242101034,0.007501068728757092
W,9,2010-07-07,0.524650063779619,0.011545802036500113
W,7,2010-07-07,0.5862456957499186,0.024529310299389463
W,8,2010-07-07,0.5194724566406674,0.022230470846936922
W,3,2010-07-07,0.5915421115027534,0.005671105352145824
W,4,2010-07-07,0.4917181796497769,0.03846359447834937
W,6,2010-07-07,0.5939200851652358,0.007519391860208634
W,5,2010-07-07,0.5844472448031107,0.018854768697818793
W,11,2012-07-08,0.3430950476063622,0.016392772836003877
W,1,2012-07-08,0.34058548344506157,0.014840088462723397
W,12,2012-07-08,0.3329068687227037,0.019745682016429893
W,10,2012-07-08,0.3424699339601729,0.012072506166759018
W,2,2012-07-08,0.29430938098165726,0.010065466559120703
W,9,2012-07-08,0.326138264603085,0.020832330588939043
W,7,2012-07-08,0.32648946510420906,0.029017663201137144
W,8,2012-07-08,0.33209800389077926,0.016695438410435758
W,3,2012-07-08,0.32161781522962785,0.01298969635356472
W,4,2012-07-08,0.2591143780284458,0.01358459848308541
W,6,2012-07-08,0.28875969184769523,0.009648550190354833
W,5,2012-07-08,0.3391043444474538,0.020015313073846092
W,11,2013-07-09,0.19959044953187308,0.007233684510212497
W,1,2013-07-09,0.2313673562473721,0.016493779639732132
W,12,2013-07-09,0.22273444135983786,0.007431854106805964
W,10,2013-07-09,0.17859487566683027,0.009781667502350275
W,2,2013-07-09,0.23511582447422874,0.007250687011624878
W,9,2013-07-09,0.19393248193793827,0.004328191259440924
W,7,2013-07-09,0.1914685997698042,0.006480443669364905
W,8,2013-07-09,0.23335418105125427,0.009454653488059519
W,3,2013-07-09,0.20143893195523155,0.025966172792054713
W,4,2013-07-09,0.24833880199326408,0.010072922762866181
W,6,2013-07-09,0.20212390853299034,0.014388580967282587
W,5,2013-07-09,0.2031384524371889,0.00724389189557171
W,11,2012-08-04,0.4016491340266334,0.015275637002570619
W,1,2012-08-04,0.42041554384761387,0.010839338826629762
W,12,2012-08-04,0.4313847819964091,0.019056190441371502
W,10,2012-08-04,0.36371593011750114,0.011778700972830587
W,2,2012-08-04,0.44984959231482613,0.010095811461601073
W,9,2012-08-04,0.3937213520208995,0.013303081344854861
W,7,2012-08-04,0.37633397844102645,0.021228371551284406
W,8,2012-08-04,0.4373490313688914,0.009980879202175115
W,3,2012-08-04,0.41509976983070374,0.016073325457905626
W,4,2012-08-04,0.42007779081662494,0.009654092852279464
W,6,2012-08-04,0.4239502747853597,0.012345014814128814
W,5,2012-08-04,0.43696927693155074,0.010187111522492943
