field,average_adjacent,stdev_adjacent,sensor,date
AES,0.18895114792717826,0.005697347051128486,2,2014-05-14
AES,0.18128055665228102,0.004075703503663788,1,2014-05-14
AES,0.18904309471448263,0.01199009566676093,11,2014-05-14
AES,0.19548965990543365,0.011013797784450604,10,2014-05-14
AES,0.26259173783991074,0.03227776408004116,3,2014-05-14
AES,0.15908506512641907,0.010365418958910421,4,2014-05-14
AES,0.18293888204627567,0.00726267282188612,9,2014-05-14
AES,0.19875425928168827,0.008127390950889062,12,2014-05-14
AES,0.17380942073133257,0.006415362215144104,8,2014-05-14
AES,0.232672072119183,0.020918647336822617,5,2014-05-14
AES,0.22720575001504686,0.010812809286552047,6,2014-05-14
AES,0.19085735910468632,0.011940510394229983,7,2014-05-14
AES,NA,NA,2,2015-05-02
AES,NA,NA,1,2015-05-02
AES,NA,NA,11,2015-05-02
AES,NA,NA,10,2015-05-02
AES,NA,NA,3,2015-05-02
AES,NA,NA,4,2015-05-02
AES,NA,NA,9,2015-05-02
AES,NA,NA,12,2015-05-02
AES,NA,NA,8,2015-05-02
AES,NA,NA,5,2015-05-02
AES,NA,NA,6,2015-05-02
AES,NA,NA,7,2015-05-02
AES,0.4830491542816162,0.021820859121738333,2,2013-06-15
AES,0.36046261919869316,0.01685304810763011,1,2013-06-15
AES,0.4386904968155755,0.012111933573416753,11,2013-06-15
AES,0.4655162923865848,0.04119302850984709,10,2013-06-15
AES,0.4045727584097121,0.011380505803087545,3,2013-06-15
AES,0.2748814390765296,0.021797407124085167,4,2013-06-15
AES,0.3085576792558034,0.03236672758748318,9,2013-06-15
AES,0.5656551784939237,0.016233978433154456,12,2013-06-15
AES,0.32367636097802055,0.016469545125489697,8,2013-06-15
AES,0.4486591054333581,0.011650707820297104,5,2013-06-15
AES,0.4934256606631809,0.008864087046128663,6,2013-06-15
AES,0.37477636999554104,0.036154324221294803,7,2013-06-15
AES,0.52636961473359,0.03741481631813489,2,2014-06-19
AES,0.41733888122770524,0.020512320815432087,1,2014-06-19
AES,0.42714642153845894,0.014822934367026874,11,2014-06-19
AES,0.42340618040826583,0.03890185694071857,10,2014-06-19
AES,0.4956155452463362,0.036292268147399144,3,2014-06-19
AES,0.2892226063542896,0.0415053898468763,4,2014-06-19
AES,0.36381152272224426,0.03416765191707952,9,2014-06-19
AES,0.5126080281204648,0.01777429549502271,12,2014-06-19
AES,0.2847067581282722,0.019532812240940077,8,2014-06-19
AES,0.5160680943065219,0.02053896655278456,5,2014-06-19
AES,0.512256039513482,0.0325077687609008,6,2014-06-19
AES,0.423638039165073,0.023317112318629374,7,2014-06-19
AES,0.3299175633324517,0.0292394589144677,2,2015-06-19
AES,0.2861226664649116,0.011420688354998194,1,2015-06-19
AES,0.4929599165916443,0.014711250030775159,11,2015-06-19
AES,0.4198983907699585,0.04767882682574623,10,2015-06-19
AES,0.5484045876397027,0.010715737041543775,3,2015-06-19
AES,0.26281459463967216,0.021833955576831997,4,2015-06-19
AES,0.45285183522436356,0.012976211028245553,9,2015-06-19
AES,0.47635800970925224,0.01360387189827191,12,2015-06-19
AES,0.24739974074893528,0.036972134410969346,8,2015-06-19
AES,0.5012980136606429,0.014522984960098644,5,2015-06-19
AES,0.4529274602731069,0.04675293879320572,6,2015-06-19
AES,0.49456893073187935,0.015273268397274189,7,2015-06-19
AES,0.5866358743773566,0.02336089161955435,2,2012-06-25
AES,0.5445650021235148,0.010539194851478728,1,2012-06-25
AES,0.5662364032533433,0.024052639158921387,11,2012-06-25
AES,0.5736973153220283,0.015614607643111922,10,2012-06-25
AES,0.535389264424642,0.012256801544186617,3,2012-06-25
AES,0.47281579507721794,0.03322158679994854,4,2012-06-25
AES,0.5707438389460245,0.015134623507514603,9,2012-06-25
AES,0.5026116867860159,0.016112530895451952,12,2012-06-25
AES,0.4342923429277208,0.02164083076860593,8,2012-06-25
AES,0.5065877669387393,0.01879856924105346,5,2012-06-25
AES,0.48681782682736713,0.031405055613752286,6,2012-06-25
AES,0.5267189343770345,0.007762059394788249,7,2012-06-25
AES,0.5953017738130357,0.026883452239851294,2,2012-06-25
AES,0.5445650021235148,0.010539194851478728,1,2012-06-25
AES,0.5662364032533433,0.024052639158921387,11,2012-06-25
AES,0.5736973153220283,0.015614607643111922,10,2012-06-25
AES,0.5402613878250122,0.016037670533845014,3,2012-06-25
AES,0.42578601506021285,0.029755916709845807,4,2012-06-25
AES,0.5707438389460245,0.015134623507514603,9,2012-06-25
AES,0.5026116867860159,0.016112530895451952,12,2012-06-25
AES,0.4342923429277208,0.02164083076860593,8,2012-06-25
AES,0.5065877669387393,0.01879856924105346,5,2012-06-25
AES,0.48681782682736713,0.031405055613752286,6,2012-06-25
AES,0.5267189343770345,0.007762059394788249,7,2012-06-25
AES,0.1396401988135444,0.00607627879453126,2,2011-06-26
AES,0.1554937975274192,0.011131554191103048,1,2011-06-26
AES,0.4195233815246158,0.01233657377408703,11,2011-06-26
AES,0.5119012064403958,0.02754199271482403,10,2011-06-26
AES,0.5072803033722771,0.016727806200442997,3,2011-06-26
AES,0.1545055458943049,0.01625094423259933,4,2011-06-26
AES,0.36651793122291565,0.04895833792129437,9,2011-06-26
AES,0.5302155481444465,0.008684059688706053,12,2011-06-26
AES,0.38003771172629464,0.0175997001630199,8,2011-06-26
AES,0.5573291314972771,0.006445385491176164,5,2011-06-26
AES,0.5033826861116621,0.013904126254557928,6,2011-06-26
AES,0.4855920970439911,0.014694897487682927,7,2011-06-26
AES,0.22626875009801653,0.006199967695247447,2,2015-06-28
AES,0.232057210471895,0.009613753376619665,1,2015-06-28
AES,0.2738308740986718,0.015292717471981321,11,2015-06-28
AES,0.22514116101794773,0.013419676737146927,10,2015-06-28
AES,0.3864428632789188,0.018317264160739682,3,2015-06-28
AES,0.22204958564705318,0.01542805691029636,4,2015-06-28
AES,0.2845257023970286,0.01490744001270117,9,2015-06-28
AES,0.2594205008612739,0.0115436544625406,12,2015-06-28
AES,0.19637820621331534,0.0065192609080282704,8,2015-06-28
AES,0.3087562554412418,0.021324756715012085,5,2015-06-28
AES,0.28975355956289506,0.026507924975815424,6,2015-06-28
AES,0.331413918071323,0.03443450161860078,7,2015-06-28
AES,0.5457414024406009,0.02766180230769819,2,2013-06-29
AES,0.3946305811405182,0.024979660574341797,1,2013-06-29
AES,0.5498336950937907,0.024461528837012685,11,2013-06-29
AES,0.5211973422103457,0.06410141785339231,10,2013-06-29
AES,0.47175759077072144,0.02381831067727559,3,2013-06-29
AES,0.25477633542484707,0.030424323169033454,4,2013-06-29
AES,0.4256385962168376,0.06334382093317023,9,2013-06-29
AES,0.6647473838594224,0.015009751783869077,12,2013-06-29
AES,0.30705970856878495,0.020859956682274153,8,2013-06-29
AES,0.562218083275689,0.017768466111953624,5,2013-06-29
AES,0.5655365056461759,0.025235054000997407,6,2013-06-29
AES,0.5472328662872314,0.05274387368369667,7,2013-06-29
AES,0.4410454332828522,0.040434384603917406,2,2014-06-04
AES,0.3576814466052585,0.014585856068226473,1,2014-06-04
AES,0.3257017400529649,0.009539517679368453,11,2014-06-04
AES,0.33902539478407967,0.023549763336327714,10,2014-06-04
AES,0.4348328676488664,0.0331403707682631,3,2014-06-04
AES,0.2975471185313331,0.03678695140273236,4,2014-06-04
AES,0.29485295878516304,0.018017103482334665,9,2014-06-04
AES,0.4407570991251204,0.018916825292636406,12,2014-06-04
AES,0.27177176541752285,0.009266537867299522,8,2014-06-04
AES,0.42995305193795097,0.023721584686879533,5,2014-06-04
AES,0.42829101615481907,0.023138988660603578,6,2014-06-04
AES,0.34588663114441764,0.029690533316292306,7,2014-06-04
AES,0.5062946644094255,0.014169180947537408,2,2015-06-05
AES,0.5292742782168918,0.011209555274102521,1,2015-06-05
AES,0.5661789112620883,0.01653347222146546,11,2015-06-05
AES,0.5773908297220866,0.018840834282445998,10,2015-06-05
AES,0.6284957594341702,0.01999778367724972,3,2015-06-05
AES,0.40034059352344936,0.06090823714697238,4,2015-06-05
AES,0.4757871992058224,0.030284049580712312,9,2015-06-05
AES,0.5664625962575277,0.01168678181446427,12,2015-06-05
AES,0.43956245647536385,0.014499965456651668,8,2015-06-05
AES,0.603002303176456,0.014633294325809752,5,2015-06-05
AES,0.6051128440433078,0.013143533913905808,6,2015-06-05
AES,0.524587502082189,0.020525794340595788,7,2015-06-05
AES,0.4978362222512563,0.016958909269165223,2,2015-06-05
AES,0.5292742782168918,0.011209555274102521,1,2015-06-05
AES,0.5661789112620883,0.01653347222146546,11,2015-06-05
AES,0.5773908297220866,0.018840834282445998,10,2015-06-05
AES,0.6300622688399421,0.017351208042622523,3,2015-06-05
AES,0.32801201277308994,0.05583374090171715,4,2015-06-05
AES,0.4757871992058224,0.030284049580712312,9,2015-06-05
AES,0.5664625962575277,0.01168678181446427,12,2015-06-05
AES,0.43956245647536385,0.014499965456651668,8,2015-06-05
AES,0.603002303176456,0.014633294325809752,5,2015-06-05
AES,0.6051128440433078,0.013143533913905808,6,2015-06-05
AES,0.524587502082189,0.020525794340595788,7,2015-06-05
AES,0.4620000720024109,0.04787252147740297,2,2013-06-08
AES,0.3614940047264099,0.025169937768321302,1,2013-06-08
AES,0.42053213715553284,0.019180656006016587,11,2013-06-08
AES,0.4021255009704166,0.05021110294850679,10,2013-06-08
AES,0.3887442648410797,0.010307032877571254,3,2013-06-08
AES,0.28122951421472764,0.023085263711409357,4,2013-06-08
AES,0.31164635552300346,0.029574223735548993,9,2013-06-08
AES,0.5745440324147543,0.012856567695254504,12,2013-06-08
AES,0.2990844382180108,0.01018052826639376,8,2013-06-08
AES,0.42750750647650826,0.009455143923521585,5,2013-06-08
AES,0.4482119811905755,0.021260733386069246,6,2013-06-08
AES,0.35513871245914036,0.032896227978128495,7,2013-06-08
AES,0.32595659295717877,0.01627741095918304,2,2012-07-13
AES,0.271236346827613,0.006437293632849752,1,2012-07-13
AES,0.3737819525930617,0.012250327702133218,11,2012-07-13
AES,0.3553704453839196,0.016199138504266124,10,2012-07-13
AES,0.4128514164023929,0.007506747514310667,3,2012-07-13
AES,0.25962288346555495,0.018123278830570713,4,2012-07-13
AES,0.39704474475648666,0.007606323116044221,9,2012-07-13
AES,0.36313581466674805,0.006394311718105076,12,2012-07-13
AES,0.2678583131896125,0.011553078568968407,8,2012-07-13
AES,0.3742002844810486,0.006654081114793041,5,2012-07-13
AES,0.37131235665745205,0.0148726489901659,6,2012-07-13
AES,0.3736584252781338,0.028282991202850872,7,2012-07-13
AES,0.17579699556032816,0.0070486682699067585,2,2014-07-25
AES,0.15679824848969778,0.006757409898868697,1,2014-07-25
AES,0.18735678659545052,0.007841894474524621,11,2014-07-25
AES,0.16084687411785126,0.002222489002975493,10,2014-07-25
AES,0.24991325206226772,0.006835222698497696,3,2014-07-25
AES,0.144021890229649,0.008989801292525825,4,2014-07-25
AES,0.19040410386191475,0.016952188385465115,9,2014-07-25
AES,0.1959812260336346,0.014633268419198993,12,2014-07-25
AES,0.13572679460048676,0.006682570064891036,8,2014-07-25
AES,0.21833086013793945,0.008969783315295646,5,2014-07-25
AES,0.227382962902387,0.012050821048657968,6,2014-07-25
AES,0.19142214953899384,0.01475369927040405,7,2014-07-25
AES,0.15053171581692165,0.00632103207416002,2,2013-07-27
AES,0.1431915064652761,0.008162423483937125,1,2013-07-27
AES,0.18185433910952675,0.007960787960307154,11,2013-07-27
AES,0.13777747253576914,0.006197021928856701,10,2013-07-27
AES,0.227236807346344,0.01574087840619713,3,2013-07-27
AES,0.1303449364172088,0.010618679667359476,4,2013-07-27
AES,0.2761223167181015,0.03919345724508058,9,2013-07-27
AES,0.1819086985455619,0.0036284958625024235,12,2013-07-27
AES,0.11915093660354614,0.006163428606463855,8,2013-07-27
AES,0.23627973596254984,0.009574308257742099,5,2013-07-27
AES,0.22987159921063316,0.012461800435304381,6,2013-07-27
AES,0.18604345288541582,0.022790439188536595,7,2013-07-27
AES,0.11766703344053692,0.009335549275251879,2,2011-07-31
AES,0.1286764931347635,0.00656758401475696,1,2011-07-31
AES,0.35226453012890285,0.0057837813322279925,11,2011-07-31
AES,0.29411620398362476,0.04215872392363887,10,2011-07-31
AES,0.5085937778155009,0.01313934541745055,3,2011-07-31
AES,0.12361157768302494,0.006102359430421834,4,2011-07-31
AES,0.35001276930173236,0.022011826671498112,9,2011-07-31
AES,0.44410640332433915,0.012947467118532605,12,2011-07-31
AES,0.16545014745659298,0.012652602254724603,8,2011-07-31
AES,0.4886997209654914,0.009441541908729208,5,2011-07-31
AES,0.4576790862613254,0.02213172353210666,6,2011-07-31
AES,0.27570558918846977,0.014813787217250126,7,2011-07-31
AES,0.5367876688639323,0.020535749361202733,2,2012-07-06
AES,0.4563446011808183,0.006818796061381481,1,2012-07-06
AES,0.5251788761880662,0.01250829997088838,11,2012-07-06
AES,0.5486894382370843,0.006552355997392278,10,2012-07-06
AES,0.5555568734804789,0.011997234970747103,3,2012-07-06
AES,0.39833635754055446,0.011123857758708052,4,2012-07-06
AES,0.5036848220560286,0.013155878407001324,9,2012-07-06
AES,0.5152136385440826,0.018183976132272947,12,2012-07-06
AES,0.4346156848801507,0.022295898233620944,8,2012-07-06
AES,0.5275583068529764,0.013449902058406361,5,2012-07-06
AES,0.4975423879093594,0.020714365556819467,6,2012-07-06
AES,0.5144920415348477,0.010220957156080537,7,2012-07-06
AES,0.501817375421524,0.009825935299442952,2,2013-07-08
AES,0.4362418254216512,0.008819201284304334,1,2013-07-08
AES,0.5443205502298143,0.008133183499106245,11,2013-07-08
AES,0.44770856036080253,0.060392588138290244,10,2013-07-08
AES,0.5126783914036221,0.02666552924564818,3,2013-07-08
AES,0.3552384442753262,0.043958595724952705,4,2013-07-08
AES,0.5145456393559774,0.021624960728768895,9,2013-07-08
AES,0.6287739078203837,0.005157675678879592,12,2013-07-08
AES,0.32422396209504867,0.03474297734693144,8,2013-07-08
AES,0.5563881264792548,0.006455290806377378,5,2013-07-08
AES,0.5539580517345004,0.015895277047542424,6,2013-07-08
AES,0.5355970197253757,0.025868967239605304,7,2013-07-08
AES,0.5095118648476071,0.0115674988974526,2,2013-07-08
AES,0.4362418254216512,0.008819201284304334,1,2013-07-08
AES,0.5443205502298143,0.008133183499106245,11,2013-07-08
AES,0.44770856036080253,0.060392588138290244,10,2013-07-08
AES,0.5292045308483971,0.03377269618440064,3,2013-07-08
AES,0.3032776547802819,0.03325665464422951,4,2013-07-08
AES,0.5145456393559774,0.021624960728768895,9,2013-07-08
AES,0.6287739078203837,0.005157675678879592,12,2013-07-08
AES,0.32422396209504867,0.03474297734693144,8,2013-07-08
AES,0.5563881264792548,0.006455290806377378,5,2013-07-08
AES,0.5539580517345004,0.015895277047542424,6,2013-07-08
AES,0.5355970197253757,0.025868967239605304,7,2013-07-08
AES,0.4301273326079051,0.037304402987315174,2,2014-07-08
AES,0.3112239009804196,0.01956329215544926,1,2014-07-08
AES,0.450882441467709,0.011892044817099458,11,2014-07-08
AES,0.36383988791041905,0.04333025079642254,10,2014-07-08
AES,0.49275336662928265,0.038503627461963,3,2014-07-08
AES,0.20895049969355264,0.026443739790360736,4,2014-07-08
AES,0.3748810291290283,0.031478570752888776,9,2014-07-08
AES,0.4793924291928609,0.023052887360036103,12,2014-07-08
AES,0.2421979026661979,0.03763786143669423,8,2014-07-08
AES,0.48739814427163863,0.02140064364044796,5,2014-07-08
AES,0.4289076096481747,0.0543846325998047,6,2014-07-08
AES,0.42831281820933026,0.011312033227023992,7,2014-07-08
AES,0.40093686514430577,0.057455155452339306,2,2014-07-08
AES,0.3112239009804196,0.01956329215544926,1,2014-07-08
AES,0.450882441467709,0.011892044817099458,11,2014-07-08
AES,0.36383988791041905,0.04333025079642254,10,2014-07-08
AES,0.5278819302717844,0.03672635528292253,3,2014-07-08
AES,0.18673589494493273,0.008856014581477497,4,2014-07-08
AES,0.3748810291290283,0.031478570752888776,9,2014-07-08
AES,0.4793924291928609,0.023052887360036103,12,2014-07-08
AES,0.2421979026661979,0.03763786143669423,8,2014-07-08
AES,0.48739814427163863,0.02140064364044796,5,2014-07-08
AES,0.4289076096481747,0.0543846325998047,6,2014-07-08
AES,0.42831281820933026,0.011312033227023992,7,2014-07-08
AES,0.18861576086945003,0.01075748810970487,2,2015-07-08
AES,0.17778387003474766,0.005230852625242438,1,2015-07-08
AES,0.1692250536547767,0.008643234325021499,11,2015-07-08
AES,0.1659710572825538,0.006514109612220185,10,2015-07-08
AES,0.18770192397965324,0.008644803376726417,3,2015-07-08
AES,0.15341565675205654,0.006462691895176336,4,2015-07-08
AES,0.1777707172764672,0.003698288840484658,9,2015-07-08
AES,0.17256367041005027,0.0070740576951932995,12,2015-07-08
AES,0.15770151052210066,0.005292592339521927,8,2015-07-08
AES,0.17664523422718048,0.005333228752515009,5,2015-07-08
AES,0.17093193199899462,0.002095154403673968,6,2015-07-08
AES,0.1709552374151018,0.0051614234900978955,7,2015-07-08
AES,0.16332811779446071,0.004069874112860825,2,2011-07-09
AES,0.16954917377895778,0.0050994697773639845,1,2011-07-09
AES,0.4772767126560211,0.009747929700683826,11,2011-07-09
AES,0.5127422743373447,0.03487430019248797,10,2011-07-09
AES,0.5738054050339593,0.012254657470133976,3,2011-07-09
AES,0.1576545255051719,0.005353471267944314,4,2011-07-09
AES,0.43158984184265137,0.027693745774419222,9,2011-07-09
AES,0.5763071245617337,0.012150688736438332,12,2011-07-09
AES,0.33473939696947735,0.010315279383711306,8,2011-07-09
AES,0.5917002691162957,0.007930298198223999,5,2011-07-09
AES,0.5806702309184604,0.012080437735492762,6,2011-07-09
AES,0.50070654352506,0.01652638365760507,7,2011-07-09
J,0.11426995529068841,0.0056008710898771035,5,2014-05-30
J,0.12830456097920737,0.010754751563554751,2,2014-05-30
J,0.12553166018591988,0.006632065100061596,4,2014-05-30
J,0.11679104632801479,0.005104294954852886,1,2014-05-30
J,0.12088489118549559,0.003314942713988955,10,2014-05-30
J,0.12781524658203125,0.0072281369957368745,8,2014-05-30
J,0.15661197735203636,0.005777101436854755,9,2014-05-30
J,0.1338518973853853,0.006256676513747494,7,2014-05-30
J,0.13002289169364506,0.007644707882793009,11,2014-05-30
J,0.1531007919046614,0.010709668327792419,6,2014-05-30
J,0.13411209152804482,0.006953419332314667,3,2014-05-30
J,0.13571430577172172,0.008002900013174495,12,2014-05-30
J,0.5002006623480055,0.013938174415001444,5,2013-06-15
J,0.4444870385858748,0.054883717938863284,2,2013-06-15
J,0.5856494704882304,0.016003003315617822,4,2013-06-15
J,0.6477443973223368,0.0026253708704117645,1,2013-06-15
J,0.658038768503401,0.007401039995575906,10,2013-06-15
J,0.6067854762077332,0.006771680493398531,8,2013-06-15
J,0.5648990869522095,0.014728445577668612,9,2013-06-15
J,0.5427936646673415,0.015149261008556578,7,2013-06-15
J,0.5548586580488417,0.018485141914295455,11,2013-06-15
J,0.5031324161423577,0.017362835997555552,6,2013-06-15
J,0.5453185372882419,0.018859293248978493,3,2013-06-15
J,0.5500268075201247,0.012687298244862266,12,2013-06-15
J,0.5082703597015805,0.012178302845235042,5,2015-06-18
J,0.4468790524535709,0.05181089664067741,2,2015-06-18
J,0.5264540049764845,0.007673393776620442,4,2015-06-18
J,0.5360059671931796,0.006765664985185013,1,2015-06-18
J,0.6026912530263265,0.008006322955318192,10,2015-06-18
J,0.49700843956735397,0.004788976988281458,8,2015-06-18
J,0.43967681792047286,0.013991567882068602,9,2015-06-18
J,0.44890246788660687,0.013261681486315116,7,2015-06-18
J,0.4710359175999959,0.0414188149108689,11,2015-06-18
J,0.5630205008718703,0.029747680894716327,6,2015-06-18
J,0.5013070636325412,0.02144921075865351,3,2015-06-18
J,0.518898199001948,0.02750083158878831,12,2015-06-18
J,0.5082703597015805,0.012178302845235042,5,2015-06-18
J,0.4468790524535709,0.05181089664067741,2,2015-06-18
J,0.5264540049764845,0.007673393776620442,4,2015-06-18
J,0.5360059671931796,0.006765664985185013,1,2015-06-18
J,0.6026912530263265,0.008006322955318192,10,2015-06-18
J,0.49700843956735397,0.004788976988281458,8,2015-06-18
J,0.43967681792047286,0.013991567882068602,9,2015-06-18
J,0.44890246788660687,0.013261681486315116,7,2015-06-18
J,0.4710359175999959,0.0414188149108689,11,2015-06-18
J,0.5630205008718703,0.029747680894716327,6,2015-06-18
J,0.5013070636325412,0.02144921075865351,3,2015-06-18
J,0.518898199001948,0.02750083158878831,12,2015-06-18
J,0.18347296118736267,0.014748210114116898,5,2014-06-19
J,0.19327919019593132,0.009459774287658663,2,2014-06-19
J,0.1876510183016459,0.009902951918483489,4,2014-06-19
J,0.19235554999775356,0.008508307021679944,1,2014-06-19
J,0.19318408932950762,0.006944380336211452,10,2014-06-19
J,0.22086355421278211,0.005545784713837551,8,2014-06-19
J,0.2141172538201014,0.008788094968772073,9,2014-06-19
J,0.20482331845495436,0.0075685065255426615,7,2014-06-19
J,0.17978392044703165,0.008090474026173767,11,2014-06-19
J,0.2154506395260493,0.01523568647161371,6,2014-06-19
J,0.22251431312825945,0.006752619956801079,3,2014-06-19
J,0.2206135110722648,0.010101989044618915,12,2014-06-19
J,0.19844699402650198,0.012586414927082483,5,2012-06-25
J,0.21352846754921806,0.004307449670347341,2,2012-06-25
J,0.21419419679376814,0.006970305647017251,4,2012-06-25
J,0.1959531456232071,0.00569826363089069,1,2012-06-25
J,0.18632704350683424,0.004629867427538785,10,2012-06-25
J,0.19324184457461038,0.010350478308543333,8,2012-06-25
J,0.1654598100317849,0.008577100448994176,9,2012-06-25
J,0.2351037777132458,0.009608164198764332,7,2012-06-25
J,0.1962741712729136,0.0246303739011117,11,2012-06-25
J,0.2146066576242447,0.009853012472911402,6,2012-06-25
J,0.21221202777491677,0.010727372445589382,3,2012-06-25
J,0.20091871751679313,0.010737078408308724,12,2012-06-25
J,0.5448156992594401,0.01032081614106247,5,2013-06-29
J,0.44847289721171063,0.0662915305748645,2,2013-06-29
J,0.5959136883417765,0.010895407362463153,4,2013-06-29
J,0.6378892262776693,0.005244436604626639,1,2013-06-29
J,0.6329927444458008,0.009648050630863332,10,2013-06-29
J,0.5810163683361478,0.00550710058746734,8,2013-06-29
J,0.5410614278581407,0.004606629084423389,9,2013-06-29
J,0.5223823686440786,0.011734837535099981,7,2013-06-29
J,0.5824600524372525,0.026583065250438048,11,2013-06-29
J,0.5640485088030497,0.016110405908890166,6,2013-06-29
J,0.5446313685841031,0.013112262148905719,3,2013-06-29
J,0.5534961620966593,0.015975291988456142,12,2013-06-29
J,0.5448156992594401,0.01032081614106247,5,2013-06-29
J,0.44847289721171063,0.0662915305748645,2,2013-06-29
J,0.5959136883417765,0.010895407362463153,4,2013-06-29
J,0.6378892262776693,0.005244436604626639,1,2013-06-29
J,0.6329927444458008,0.009648050630863332,10,2013-06-29
J,0.5810163683361478,0.00550710058746734,8,2013-06-29
J,0.5410614278581407,0.004606629084423389,9,2013-06-29
J,0.5223823686440786,0.011734837535099981,7,2013-06-29
J,0.5824600524372525,0.026583065250438048,11,2013-06-29
J,0.5640485088030497,0.016110405908890166,6,2013-06-29
J,0.5446313685841031,0.013112262148905719,3,2013-06-29
J,0.5534961620966593,0.015975291988456142,12,2013-06-29
J,0.15107407503657871,0.008484421619734324,5,2012-06-04
J,0.17209858198960623,0.005091675816855592,2,2012-06-04
J,0.15871299140983158,0.0067021992729627234,4,2012-06-04
J,0.15075468685891893,0.008153448811287893,1,2012-06-04
J,0.13574332909451592,0.006768193402226497,10,2012-06-04
J,0.14435244434409672,0.004021198217760098,8,2012-06-04
J,0.17184264461199442,0.01059320240634919,9,2012-06-04
J,0.16081558167934418,0.008803593219102278,7,2012-06-04
J,0.17949597537517548,0.016815676497061862,11,2012-06-04
J,0.15031658775276607,0.0051703319448254785,6,2012-06-04
J,0.17276588413450453,0.009771555069878916,3,2012-06-04
J,0.15789699223306444,0.007763225082481314,12,2012-06-04
J,0.5131061606936984,0.015397899932870041,5,2013-06-06
J,0.46259841985172695,0.03382496068809288,2,2013-06-06
J,0.6088593337270949,0.012425815100359932,4,2013-06-06
J,0.6596345570352342,0.007178867843077918,1,2013-06-06
J,0.687551372581058,0.006367650835503386,10,2013-06-06
J,0.6559347907702128,0.002925212858032312,8,2013-06-06
J,0.6171165770954556,0.004985104547563732,9,2013-06-06
J,0.6125011245409647,0.008442416995438852,7,2013-06-06
J,0.5781976514392428,0.009284236531390733,11,2013-06-06
J,0.5071384542518191,0.018340466175196586,6,2013-06-06
J,0.5485472083091736,0.009633571497711721,3,2013-06-06
J,0.5591839750607809,0.012683479652657495,12,2013-06-06
J,0.5336691935857137,0.012868538463221347,5,2015-06-08
J,0.536063015460968,0.04991058806486401,2,2015-06-08
J,0.5852160851160685,0.012278833825127084,4,2015-06-08
J,0.6084211667378744,0.011647084797050001,1,2015-06-08
J,0.6814866132206387,0.010837744737454831,10,2015-06-08
J,0.6055322620603774,0.0050384622330854455,8,2015-06-08
J,0.565884874926673,0.011931776340264957,9,2015-06-08
J,0.6112873885366652,0.020848682350678216,7,2015-06-08
J,0.5326725376976861,0.024271057678561518,11,2015-06-08
J,0.5965631604194641,0.02129187138177016,6,2015-06-08
J,0.5734953681627909,0.024491498662259012,3,2015-06-08
J,0.5861853758494059,0.015292333785615519,12,2015-06-08
J,0.32348690761460197,0.008843742043176957,5,2012-07-10
J,0.3227400879065196,0.008304814107395024,2,2012-07-10
J,0.3472386764155494,0.00992853653137504,4,2012-07-10
J,0.30583110120561385,0.008919508225417708,1,2012-07-10
J,0.3362510601679484,0.007086353417441618,10,2012-07-10
J,0.3310832844840156,0.005044690570215735,8,2012-07-10
J,0.2254333347082138,0.030286367894165646,9,2012-07-10
J,0.3562377591927846,0.007562702596064507,7,2012-07-10
J,0.3144384589460161,0.023045906193618987,11,2012-07-10
J,0.35930851764149135,0.016124459853731614,6,2012-07-10
J,0.3433915575345357,0.013570502620773865,3,2012-07-10
J,0.31707824601067436,0.012641677438021089,12,2012-07-10
J,0.2797195216019948,0.010821820976260504,5,2014-07-11
J,0.22167677183945975,0.008119665935481411,2,2014-07-11
J,0.31654200951258343,0.013143032932816467,4,2014-07-11
J,0.3323046863079071,0.009406534384924484,1,2014-07-11
J,0.3605998191568587,0.016267402244556816,10,2014-07-11
J,0.34583213594224715,0.0073046079309290034,8,2014-07-11
J,0.3170824547608693,0.010994489757448838,9,2014-07-11
J,0.28222467170821297,0.016958374320374954,7,2014-07-11
J,0.20953203241030374,0.007187786704602546,11,2014-07-11
J,0.23007528649436104,0.00846598486168432,6,2014-07-11
J,0.30281505982081097,0.02081429276297345,3,2014-07-11
J,0.3104626139005025,0.005411172119329619,12,2014-07-11
J,0.15116999049981436,0.00394067444763693,5,2015-07-15
J,0.15755630864037407,0.003455773615506122,2,2015-07-15
J,0.16566420594851175,0.004853989088765289,4,2015-07-15
J,0.16361509925789303,0.00630510870008241,1,2015-07-15
J,0.16732366879781088,0.0032522733826645454,10,2015-07-15
J,0.16150553855631086,0.0030587973787204307,8,2015-07-15
J,0.15857136415110695,0.005167887905045388,9,2015-07-15
J,0.1600015875365999,0.00281217528867665,7,2015-07-15
J,0.1532343410783344,0.003389186530056062,11,2015-07-15
J,0.17630405889617073,0.006457109680913688,6,2015-07-15
J,0.15734431644280752,0.006413416423875285,3,2015-07-15
J,0.15851017170482212,0.00449702746418023,12,2015-07-15
J,0.28303946720229256,0.01177182713229691,5,2013-07-16
J,0.2012979570362303,0.018074417501414027,2,2013-07-16
J,0.32876962092187667,0.03639200195872732,4,2013-07-16
J,0.37180274062686497,0.020698016307943302,1,2013-07-16
J,0.2879352768262227,0.006734095417139136,10,2013-07-16
J,0.22601088715924156,0.006802457399143071,8,2013-07-16
J,0.20565464264816707,0.005264097516664008,9,2013-07-16
J,0.19576544562975565,0.006774436449672376,7,2013-07-16
J,0.36954673131306964,0.05763356598438196,11,2013-07-16
J,0.4105808701780107,0.06495055194733214,6,2013-07-16
J,0.2721080299880769,0.016217160342613352,3,2013-07-16
J,0.32444042960802716,0.012836415902846815,12,2013-07-16
J,0.15003222889370388,0.006110421064535347,5,2013-07-24
J,0.13460796657535765,0.0061613043295877,2,2013-07-24
J,0.16782721545961168,0.010350100233586346,4,2013-07-24
J,0.17274991836812761,0.010317066793902414,1,2013-07-24
J,0.16290772954622904,0.007803140466809461,10,2013-07-24
J,0.1486822565396627,0.006022862603159485,8,2013-07-24
J,0.14881788028611076,0.008696934606106429,9,2013-07-24
J,0.1415762652953466,0.007524124808110535,7,2013-07-24
J,0.16683532297611237,0.006447305525671956,11,2013-07-24
J,0.2169219735595915,0.020796125061170765,6,2013-07-24
J,0.15690064264668357,0.01780768543429818,3,2013-07-24
J,0.15786808894740212,0.007923062549388014,12,2013-07-24
J,0.36319154169824386,0.017910328446602175,5,2012-07-31
J,0.3491741584406959,0.041358431411270886,2,2012-07-31
J,0.41933052738507587,0.015178880982418298,4,2012-07-31
J,0.4218079878224267,0.006072609888221055,1,2012-07-31
J,0.44782645834816825,0.012090200362609143,10,2012-07-31
J,0.41906911465856767,0.003357943831564584,8,2012-07-31
J,0.15196064445707533,0.0034063142380316882,9,2012-07-31
J,0.37806358602311874,0.021323661872952947,7,2012-07-31
J,0.37125369244151646,0.014534583814424039,11,2012-07-31
J,0.4096696145004696,0.013691389466310225,6,2012-07-31
J,0.42498201462957597,0.0035660062006908837,3,2012-07-31
J,0.42051494121551514,0.030250588064902006,12,2012-07-31
J,0.5369977355003357,0.009657790685025518,5,2013-07-04
J,0.35932686262660557,0.03934603620271166,2,2013-07-04
J,0.605876624584198,0.008108738409752072,4,2013-07-04
J,0.6274179286426969,0.011503039166757639,1,2013-07-04
J,0.5743296146392822,0.004685803740700402,10,2013-07-04
J,0.4986103375752767,0.00900924123492146,8,2013-07-04
J,0.47074973914358353,0.01447858715076547,9,2013-07-04
J,0.39066346486409503,0.015826605569763265,7,2013-07-04
J,0.5855520500077142,0.01762028264901777,11,2013-07-04
J,0.5499320692486234,0.01305690064289387,6,2013-07-04
J,0.5353004005220201,0.011930991212384646,3,2013-07-04
J,0.5606432888242934,0.019938384614604444,12,2013-07-04
J,0.14385849403010476,0.008013143013119246,5,2011-07-05
J,0.2548245886961619,0.018151993665135535,2,2011-07-05
J,0.1466129074494044,0.0100174106183133,4,2011-07-05
J,0.43299608760409886,0.025382393277325617,1,2011-07-05
J,0.559190591176351,0.007581685567701241,10,2011-07-05
J,0.5000983542866178,0.013638625910374935,8,2011-07-05
J,0.1731643792655733,0.010877383062858818,9,2011-07-05
J,0.14263948135905796,0.008324424339575412,7,2011-07-05
J,0.15861638883749643,0.013137069418043278,11,2011-07-05
J,0.15846969021691215,0.015544408044024731,6,2011-07-05
J,0.1451832503080368,0.010791421051913122,3,2011-07-05
J,0.148194948832194,0.009065389007901381,12,2011-07-05
J,0.2490603824456533,0.014366408330621416,5,2014-07-07
J,0.21904630462328592,0.015306099259482243,2,2014-07-07
J,0.26877697308858234,0.011793487764322864,4,2014-07-07
J,0.29884811242421466,0.00534015664962543,1,2014-07-07
J,0.32776372300253975,0.008309146052445635,10,2014-07-07
J,0.3125717706150479,0.010051845517451663,8,2014-07-07
J,0.30712562799453735,0.02698811726903132,9,2014-07-07
J,0.27522916926278007,0.0070239122358280535,7,2014-07-07
J,0.2090105199151569,0.006567630820300329,11,2014-07-07
J,0.2137403968307707,0.011684173890921348,6,2014-07-07
J,0.29385621349016827,0.01646715053357737,3,2014-07-07
J,0.31024690469106037,0.0072061588582330955,12,2014-07-07
J,0.1873224659098519,0.00350827736155746,5,2015-07-08
J,0.17712542249096763,0.010596277476893456,2,2015-07-08
J,0.1917621311214235,0.00902379329777368,4,2015-07-08
J,0.1873237109846539,0.003304318507144948,1,2015-07-08
J,0.20258986784352195,0.008545695726923245,10,2015-07-08
J,0.18260374002986485,0.003096487709497155,8,2015-07-08
J,0.17677551011244455,0.0043349980192384195,9,2015-07-08
J,0.18822453750504387,0.005088708734538983,7,2015-07-08
J,0.18683731887075636,0.013275681207707472,11,2015-07-08
J,0.2403988821638955,0.029655157125540215,6,2015-07-08
J,0.18280123505327436,0.0056966626525419345,3,2015-07-08
J,0.1919278750816981,0.007701220129399731,12,2015-07-08
J,0.14990469151073033,0.009199818444929387,5,2011-08-03
J,0.2404541869958242,0.016690557810682433,2,2011-08-03
J,0.15508131351735857,0.008173632381634377,4,2011-08-03
J,0.4406746526559194,0.012476018906688646,1,2011-08-03
J,0.44837097658051384,0.011225262388602294,10,2011-08-03
J,0.3321407172414992,0.011794328100576998,8,2011-08-03
J,0.17353366812070212,0.007784857082796632,9,2011-08-03
J,0.1629716439379586,0.009224934087305233,7,2011-08-03
J,0.16857402523358664,0.015481802408363398,11,2011-08-03
J,0.17920097377565172,0.011895863248861948,6,2011-08-03
J,0.1589494827720854,0.012555562147835816,3,2011-08-03
J,0.17046377890639836,0.016768915448877465,12,2011-08-03
J,0.3328355054060618,0.0331175253620096,5,2012-08-04
J,0.2874567227231132,0.05516676554023406,2,2012-08-04
J,0.4184707734319899,0.027803509896230226,4,2012-08-04
J,0.4184701939423879,0.011935139254595733,1,2012-08-04
J,0.4489220016532474,0.012395584336508572,10,2012-08-04
J,0.3979891969097985,0.005997551012417895,8,2012-08-04
J,0.1388131214512719,0.009596547813978576,9,2012-08-04
J,0.32895276612705654,0.018117942431391462,7,2012-08-04
J,0.3506941828462813,0.018388566611746246,11,2012-08-04
J,0.3927440577083164,0.01187503614366796,6,2012-08-04
J,0.4020342032114665,0.006619716716647753,3,2012-08-04
J,0.43205468191040886,0.021449041881575277,12,2012-08-04
J,0.21693535314665902,0.01547157389911281,5,2014-08-06
J,0.13472767174243927,0.005125836547837451,2,2014-08-06
J,0.296281592713462,0.022620433198595438,4,2014-08-06
J,0.2975858681731754,0.006523524318975504,1,2014-08-06
J,0.3034873935911391,0.00582948839925082,10,2014-08-06
J,0.226670417520735,0.00560846446531267,8,2014-08-06
J,0.14390680028332603,0.00644278065074386,9,2014-08-06
J,0.21896162629127502,0.00799315317150721,7,2014-08-06
J,0.13491224083635542,0.006584813036901064,11,2014-08-06
J,0.1397079113456938,0.007075595965771122,6,2014-08-06
J,0.1648615731133355,0.016000082112937273,3,2014-08-06
J,0.14300616251097786,0.008602975908996053,12,2014-08-06
OD,0.2875257167551253,0.013594528378227728,6,2014-05-30
OD,0.2521718657679028,0.010545084198028588,4,2014-05-30
OD,0.27609046300252277,0.011726872601169065,5,2014-05-30
OD,0.34372067120340133,0.025086192596456086,7,2014-05-30
OD,0.2946159607834286,0.016137412556396454,9,2014-05-30
OD,0.31441666682561237,0.014425593864396699,3,2014-05-30
OD,NA,NA,8,2014-05-30
OD,0.2933136456542545,0.023321207463912256,11,2014-05-30
OD,0.2877170559432771,0.02982273397630806,2,2014-05-30
OD,0.32144298818376327,0.010629166319559728,1,2014-05-30
OD,0.31081649992201066,0.010249611278688153,10,2014-05-30
OD,0.35742029547691345,0.025620525491262806,12,2014-05-30
OD,0.4496117995844947,0.012963385235003287,6,2012-06-13
OD,0.4975920418898265,0.008755997086500749,4,2012-06-13
OD,0.4896448817518022,0.009947855701024482,5,2012-06-13
OD,0.5579654574394226,0.012058530476428212,7,2012-06-13
OD,0.4911937448713515,0.011016956495161143,9,2012-06-13
OD,0.5972051421801249,0.020241751220441116,3,2012-06-13
OD,NA,NA,8,2012-06-13
OD,0.515079634057151,0.05537734570856715,11,2012-06-13
OD,0.5107184251149496,0.010964577067602427,2,2012-06-13
OD,0.41623346341980827,0.02944512169150685,1,2012-06-13
OD,0.5338561998473274,0.014755843346351228,10,2012-06-13
OD,0.46547776460647583,0.008762800422651415,12,2012-06-13
OD,0.4718737105528514,0.019543297674093178,6,2012-06-15
OD,0.5234038101302253,0.012234886742081306,4,2012-06-15
OD,0.522118091583252,0.011093518907259901,5,2012-06-15
OD,0.583533936076694,0.012304233336493149,7,2012-06-15
OD,0.5194040735562643,0.01415117184876906,9,2012-06-15
OD,0.615395188331604,0.024998305879742205,3,2012-06-15
OD,NA,NA,8,2012-06-15
OD,0.49221542808744645,0.08143787465774308,11,2012-06-15
OD,0.514820482995775,0.016367022789026516,2,2012-06-15
OD,0.39381907052463955,0.04625382425102492,1,2012-06-15
OD,0.5485486321979098,0.007805015698262269,10,2012-06-15
OD,0.49249932501051163,0.00890464840589366,12,2012-06-15
OD,0.533310678270128,0.012337735746003773,6,2013-06-15
OD,0.4941934380266402,0.0021326739101392733,4,2013-06-15
OD,0.4544030295477973,0.006730947200548184,5,2013-06-15
OD,0.5235906375779046,0.005707077906722278,7,2013-06-15
OD,0.4453518059518602,0.02097053673273356,9,2013-06-15
OD,0.47459902697139317,0.01333958823889263,3,2013-06-15
OD,NA,NA,8,2013-06-15
OD,0.5072443584601084,0.01375407210872104,11,2013-06-15
OD,0.39645849665006,0.008130440498325012,2,2013-06-15
OD,0.544886675145891,0.010809005889601805,1,2013-06-15
OD,0.392553534772661,0.010786921204187862,10,2013-06-15
OD,0.3383275402916802,0.01207048858464477,12,2013-06-15
OD,0.5357133083873324,0.01690884860641293,6,2015-06-17
OD,0.5418514741791619,0.023669575283208455,4,2015-06-17
OD,0.4369790454705556,0.008593010553229034,5,2015-06-17
OD,0.5703309774398804,0.010886292155183368,7,2015-06-17
OD,0.47110652923583984,0.006226505473718696,9,2015-06-17
OD,0.5364847448137071,0.008904139346928672,3,2015-06-17
OD,NA,NA,8,2015-06-17
OD,0.539621866411633,0.029122248741943853,11,2015-06-17
OD,0.4373333785268996,0.0216763347189243,2,2015-06-17
OD,0.562994658946991,0.010383610156535647,1,2015-06-17
OD,0.5727475153075324,0.014257045119854476,10,2015-06-17
OD,0.5675838324758742,0.008116110694058428,12,2015-06-17
OD,0.42570801244841683,0.011435432395749054,6,2014-06-19
OD,0.43341893288824296,0.02436617179605386,4,2014-06-19
OD,0.41699350873629254,0.010472676082552233,5,2014-06-19
OD,0.5061247679922316,0.011654940368716902,7,2014-06-19
OD,0.41977518134646946,0.009876792636289282,9,2014-06-19
OD,0.4956248535050286,0.01532185473248031,3,2014-06-19
OD,NA,NA,8,2014-06-19
OD,0.4528499510553148,0.03600962725403891,11,2014-06-19
OD,0.3954237533940209,0.027812709704407978,2,2014-06-19
OD,0.4520227445496453,0.03024601408197375,1,2014-06-19
OD,0.36440882086753845,0.022308162434276562,10,2014-06-19
OD,0.38007110357284546,0.010724681481517583,12,2014-06-19
OD,NA,NA,6,2014-06-02
OD,NA,NA,4,2014-06-02
OD,NA,NA,5,2014-06-02
OD,NA,NA,7,2014-06-02
OD,NA,NA,9,2014-06-02
OD,NA,NA,3,2014-06-02
OD,NA,NA,8,2014-06-02
OD,NA,NA,11,2014-06-02
OD,NA,NA,2,2014-06-02
OD,NA,NA,1,2014-06-02
OD,NA,NA,10,2014-06-02
OD,NA,NA,12,2014-06-02
OD,0.56769816743003,0.01616980800513037,6,2012-06-25
OD,0.62261919842826,0.010617757100956225,4,2012-06-25
OD,0.5927284095022414,0.008183033970988522,5,2012-06-25
OD,0.6581371956401401,0.007681390002391623,7,2012-06-25
OD,0.5909156335724725,0.016491717513427543,9,2012-06-25
OD,0.6745729843775431,0.014693954552066884,3,2012-06-25
OD,NA,NA,8,2012-06-25
OD,0.60750655664338,0.06432407264790549,11,2012-06-25
OD,0.5766211549441019,0.011802425789886248,2,2012-06-25
OD,0.4548697570959727,0.05822056374806707,1,2012-06-25
OD,0.6038285626305474,0.01668300748697214,10,2012-06-25
OD,0.5915461844868131,0.011125644980249044,12,2012-06-25
OD,0.6351689034038119,0.005880453777715783,6,2013-06-27
OD,0.6120848523245918,0.00719491533769618,4,2013-06-27
OD,0.5504259135988023,0.005605264193437456,5,2013-06-27
OD,0.6297178334660001,0.01131730360510417,7,2013-06-27
OD,0.5561028255356683,0.013212048603896326,9,2013-06-27
OD,0.5929968158404032,0.026908649949768295,3,2013-06-27
OD,NA,NA,8,2013-06-27
OD,0.6245863835016886,0.010570653949112167,11,2013-06-27
OD,0.5107182396782769,0.008360589590637207,2,2013-06-27
OD,0.6395897070566813,0.004603262432038172,1,2013-06-27
OD,0.5207731756899092,0.020858456548363283,10,2013-06-27
OD,0.47524051202668083,0.017179953041816135,12,2013-06-27
OD,0.5610308249791464,0.03000279165131224,6,2016-06-30
OD,0.6072662737634447,0.011534801803218654,4,2016-06-30
OD,0.4925059742397732,0.0147212288730384,5,2016-06-30
OD,0.6524160703023275,0.014334415579438396,7,2016-06-30
OD,0.5373442305458916,0.006210910761134794,9,2016-06-30
OD,0.636684947543674,0.022543074900480155,3,2016-06-30
OD,NA,NA,8,2016-06-30
OD,0.6241904430919223,0.006989024696686989,11,2016-06-30
OD,0.5177940295802222,0.014460976213983694,2,2016-06-30
OD,0.5935962729983859,0.012413371012843568,1,2016-06-30
OD,0.5845406452814738,0.0157760262341995,10,2016-06-30
OD,0.5832111239433289,0.010502679210787586,12,2016-06-30
OD,NA,NA,6,2012-06-04
OD,NA,NA,4,2012-06-04
OD,NA,NA,5,2012-06-04
OD,NA,NA,7,2012-06-04
OD,NA,NA,9,2012-06-04
OD,NA,NA,3,2012-06-04
OD,NA,NA,8,2012-06-04
OD,NA,NA,11,2012-06-04
OD,NA,NA,2,2012-06-04
OD,NA,NA,1,2012-06-04
OD,NA,NA,10,2012-06-04
OD,NA,NA,12,2012-06-04
OD,NA,NA,6,2011-06-05
OD,NA,NA,4,2011-06-05
OD,NA,NA,5,2011-06-05
OD,NA,NA,7,2011-06-05
OD,NA,NA,9,2011-06-05
OD,NA,NA,3,2011-06-05
OD,NA,NA,8,2011-06-05
OD,NA,NA,11,2011-06-05
OD,NA,NA,2,2011-06-05
OD,NA,NA,1,2011-06-05
OD,NA,NA,10,2011-06-05
OD,NA,NA,12,2011-06-05
OD,0.6098175048828125,0.019415577689604908,6,2015-06-08
OD,0.628575411107805,0.017549274879923794,4,2015-06-08
OD,0.5855036907725863,0.00881602189909217,5,2015-06-08
OD,0.6519670751359727,0.00823289766932338,7,2015-06-08
OD,0.5947941674126519,0.009280116590934086,9,2015-06-08
OD,0.6376116938061185,0.009455591980703839,3,2015-06-08
OD,NA,NA,8,2015-06-08
OD,0.5900738967789544,0.020230384873698836,11,2015-06-08
OD,0.553732779290941,0.033099719320721116,2,2015-06-08
OD,0.6320270498593649,0.009144613333152363,1,2015-06-08
OD,0.6223387320836385,0.00888448145284389,10,2015-06-08
OD,0.6032380925284492,0.007220559325973654,12,2015-06-08
OD,0.6098175048828125,0.019415577689604908,6,2015-06-08
OD,0.628575411107805,0.017549274879923794,4,2015-06-08
OD,0.5855036907725863,0.00881602189909217,5,2015-06-08
OD,0.6519670751359727,0.00823289766932338,7,2015-06-08
OD,0.5947941674126519,0.009280116590934086,9,2015-06-08
OD,0.6376116938061185,0.009455591980703839,3,2015-06-08
OD,NA,NA,8,2015-06-08
OD,0.5900738967789544,0.020230384873698836,11,2015-06-08
OD,0.553732779290941,0.033099719320721116,2,2015-06-08
OD,0.6320270498593649,0.009144613333152363,1,2015-06-08
OD,0.6223387320836385,0.00888448145284389,10,2015-06-08
OD,0.6032380925284492,0.007220559325973654,12,2015-06-08
OD,0.5021312567922804,0.014815368235041346,6,2012-07-10
OD,0.562690814336141,0.004553203061289323,4,2012-07-10
OD,0.45800304412841797,0.015178758984166686,5,2012-07-10
OD,0.62900443871816,0.004258949416686237,7,2012-07-10
OD,0.4938902159531911,0.025857035404337914,9,2012-07-10
OD,0.6258755856090121,0.018355608647358954,3,2012-07-10
OD,NA,NA,8,2012-07-10
OD,0.556383255455229,0.06941637696683062,11,2012-07-10
OD,0.4492424560917748,0.014786181493048837,2,2012-07-10
OD,0.45226671629481846,0.03503038203377556,1,2012-07-10
OD,0.5049320095115237,0.0120799212807885,10,2012-07-10
OD,0.5255715582105849,0.00643386731211206,12,2012-07-10
OD,0.5021312567922804,0.014815368235041346,6,2012-07-10
OD,0.562690814336141,0.004553203061289323,4,2012-07-10
OD,0.45800304412841797,0.015178758984166686,5,2012-07-10
OD,0.62900443871816,0.004258949416686237,7,2012-07-10
OD,0.4938902159531911,0.025857035404337914,9,2012-07-10
OD,0.6258755856090121,0.018355608647358954,3,2012-07-10
OD,NA,NA,8,2012-07-10
OD,0.556383255455229,0.06941637696683062,11,2012-07-10
OD,0.4492424560917748,0.014786181493048837,2,2012-07-10
OD,0.45226671629481846,0.03503038203377556,1,2012-07-10
OD,0.5049320095115237,0.0120799212807885,10,2012-07-10
OD,0.5255715582105849,0.00643386731211206,12,2012-07-10
OD,0.44780497749646503,0.014442064681289009,6,2014-07-11
OD,0.42706719040870667,0.030889220717516982,4,2014-07-11
OD,0.39263136519326103,0.006359801558884587,5,2014-07-11
OD,0.5258819527096219,0.006250956373227749,7,2014-07-11
OD,0.4345093435711331,0.00773442766316637,9,2014-07-11
OD,0.5021265844504038,0.01852862679637458,3,2014-07-11
OD,NA,NA,8,2014-07-11
OD,0.5057649281289842,0.01047766842676899,11,2014-07-11
OD,0.3961954514185588,0.008107526183186633,2,2014-07-11
OD,0.4885826044612461,0.01089360599294077,1,2014-07-11
OD,0.4052198893494076,0.029321663304429674,10,2014-07-11
OD,0.41752885116471183,0.01716593742661956,12,2014-07-11
OD,0.5663341879844666,0.0282361580000589,6,2011-07-15
OD,0.6144673493173387,0.010899919967787844,4,2011-07-15
OD,0.4182991617255741,0.006796694195926632,5,2011-07-15
OD,0.6341017352210151,0.01206143017891589,7,2011-07-15
OD,0.4932894640498691,0.02064809805260862,9,2011-07-15
OD,0.6100388632880317,0.02498876324741962,3,2011-07-15
OD,NA,NA,8,2011-07-15
OD,0.5330755677488115,0.035659465279871454,11,2011-07-15
OD,0.44374431173006695,0.023687165803329878,2,2011-07-15
OD,0.4291700455877516,0.02002158096410304,1,2011-07-15
OD,0.5336444344785478,0.026074504930522036,10,2011-07-15
OD,0.54582236872779,0.008581077959549975,12,2011-07-15
OD,0.46210137009620667,0.031373715761698985,6,2012-07-15
OD,0.5072052445676591,0.01639417333759332,4,2012-07-15
OD,0.39385521080758834,0.011966209879632357,5,2012-07-15
OD,0.5995122922791375,0.008943655622968042,7,2012-07-15
OD,0.43899796075291103,0.030055387400210954,9,2012-07-15
OD,0.6095029844178094,0.017821994151466413,3,2012-07-15
OD,NA,NA,8,2012-07-15
OD,0.5706482032934824,0.04971280647834494,11,2012-07-15
OD,0.36889814999368453,0.008776048689255968,2,2012-07-15
OD,0.4672557016213735,0.05517492336925442,1,2012-07-15
OD,0.4527379208140903,0.025263701514646054,10,2012-07-15
OD,0.4634995824760861,0.009890667454319201,12,2012-07-15
OD,0.4031280212932163,0.03320487891438465,6,2013-07-15
OD,0.4324180781841278,0.016023785825239552,4,2013-07-15
OD,0.2930607828829024,0.00872509284073389,5,2013-07-15
OD,0.5023555523819394,0.010126195756018003,7,2013-07-15
OD,0.3489241533809238,0.009717149150904218,9,2013-07-15
OD,0.47538137435913086,0.008267794525827503,3,2013-07-15
OD,NA,NA,8,2013-07-15
OD,0.5405843655268351,0.010650765382398203,11,2013-07-15
OD,0.3705558313263787,0.012339868922311358,2,2013-07-15
OD,0.4353550242053138,0.01308119157203254,1,2013-07-15
OD,0.41387176513671875,0.011407099464658529,10,2013-07-15
OD,0.40356432729297215,0.009482382395447976,12,2013-07-15
OD,0.14356573753886753,0.0051263753424039835,6,2015-07-15
OD,0.15022046698464286,0.004165579856475967,4,2015-07-15
OD,0.14891432556841108,0.002935205747408982,5,2015-07-15
OD,0.1503054847319921,0.00423119190121341,7,2015-07-15
OD,0.14854935308297476,0.003715384170325926,9,2015-07-15
OD,0.14672741459475624,0.003010189532844577,3,2015-07-15
OD,NA,NA,8,2015-07-15
OD,0.14115950465202332,0.005353715290275486,11,2015-07-15
OD,0.14233539998531342,0.007033055167757177,2,2015-07-15
OD,0.1461553672949473,0.003721937704460358,1,2015-07-15
OD,0.15216907693280113,0.003778597201701056,10,2015-07-15
OD,0.14638460675875345,0.005110643758654422,12,2015-07-15
OD,0.18915074401431614,0.026512033105872395,6,2013-07-24
OD,0.19795908364984724,0.013562948741789682,4,2013-07-24
OD,0.1442603435781267,0.004556044810189427,5,2013-07-24
OD,0.33559252156151664,0.01593595714309064,7,2013-07-24
OD,0.17065035303433737,0.011044183306207054,9,2013-07-24
OD,0.2768367562029097,0.009707318819974737,3,2013-07-24
OD,NA,NA,8,2013-07-24
OD,0.35672713981734383,0.015658625870413733,11,2013-07-24
OD,0.17652519047260284,0.012069612902096799,2,2013-07-24
OD,0.22599773108959198,0.01599325554459688,1,2013-07-24
OD,0.20779918630917868,0.01493588321338474,10,2013-07-24
OD,0.21383158531453875,0.012880640569357688,12,2013-07-24
OD,0.22162811789247724,0.01177628980306837,6,2012-07-31
OD,0.223062621222602,0.011100323822960827,4,2012-07-31
OD,0.17604601714346144,0.003211010302638729,5,2012-07-31
OD,0.3366068634721968,0.0052642506930043725,7,2012-07-31
OD,0.17883148458268908,0.0086540886278453,9,2012-07-31
OD,0.2488175647126304,0.01668192063128156,3,2012-07-31
OD,NA,NA,8,2012-07-31
OD,0.3057105508115556,0.01467740762980533,11,2012-07-31
OD,0.18150360220008427,0.004422344147945227,2,2012-07-31
OD,0.2833380020327038,0.023608643095009433,1,2012-07-31
OD,0.208817011780209,0.0034945453477414905,10,2012-07-31
OD,0.19171928034888375,0.010701559903596298,12,2012-07-31
OD,0.6064628693792555,0.022521018301831695,6,2013-07-04
OD,0.602027436097463,0.012435471544601307,4,2013-07-04
OD,0.5179281897015042,0.016022057098089414,5,2013-07-04
OD,0.6383682754304674,0.003793357561044782,7,2013-07-04
OD,0.5587469869189792,0.016248103191107668,9,2013-07-04
OD,0.6193338433901469,0.017658562331930642,3,2013-07-04
OD,NA,NA,8,2013-07-04
OD,0.6593480043941073,0.010015030570657692,11,2013-07-04
OD,0.5159003502792783,0.016423186137918832,2,2013-07-04
OD,0.642453756597307,0.005198969954849511,1,2013-07-04
OD,0.5807231267293295,0.014041117257628927,10,2013-07-04
OD,0.5453170074356927,0.017996705541117975,12,2013-07-04
OD,0.6048125955793593,0.014428771845270456,6,2011-07-05
OD,0.615883900059594,0.007593776836200388,4,2011-07-05
OD,0.47863126463360256,0.01570009219835752,5,2011-07-05
OD,0.6450947125752767,0.008289783017966432,7,2011-07-05
OD,0.5391471253501045,0.012073348919121998,9,2011-07-05
OD,0.6181316640641954,0.008473494530238124,3,2011-07-05
OD,NA,NA,8,2011-07-05
OD,0.503204862276713,0.03082390957392282,11,2011-07-05
OD,0.5039142237769233,0.014151517887556569,2,2011-07-05
OD,0.40922752022743225,0.02919069972623563,1,2011-07-05
OD,0.5658417741457621,0.02063144161728017,10,2011-07-05
OD,0.5625540282991197,0.008973671023527004,12,2011-07-05
OD,0.4710211389594608,0.00911120350416995,6,2014-07-07
OD,0.47856032186084324,0.014366078528444064,4,2014-07-07
OD,0.4276181161403656,0.009185904328647401,5,2014-07-07
OD,0.5133676065338982,0.0055466806201358845,7,2014-07-07
OD,0.4356560276614295,0.003924944964959378,9,2014-07-07
OD,0.5023786326249441,0.020829710368034146,3,2014-07-07
OD,NA,NA,8,2014-07-07
OD,0.44520201947953963,0.03700608044725343,11,2014-07-07
OD,0.37979672021336025,0.020408433604890888,2,2014-07-07
OD,0.43964764806959367,0.018764960308929882,1,2014-07-07
OD,0.3709216018517812,0.015447731365132831,10,2014-07-07
OD,0.39844432804319596,0.006571450173177544,12,2014-07-07
OD,0.17087955276171365,0.0065411113142758584,6,2015-07-08
OD,0.1765122132168876,0.005203752774493818,4,2015-07-08
OD,0.16241765022277832,0.005730158500929375,5,2015-07-08
OD,0.1839488512939877,0.004695357088832395,7,2015-07-08
OD,0.16690964996814728,0.006089529996453065,9,2015-07-08
OD,0.17816144062413108,0.005527220060472511,3,2015-07-08
OD,NA,NA,8,2015-07-08
OD,0.18650485244062212,0.017551650805272743,11,2015-07-08
OD,0.1684187352657318,0.012271545571246342,2,2015-07-08
OD,0.18931780424382952,0.006317203254134375,1,2015-07-08
OD,0.16571953727139366,0.0022615911001519335,10,2015-07-08
OD,0.17199984027279747,0.005456006508086909,12,2015-07-08
OD,0.20411896540058982,0.010057433998744654,6,2011-08-03
OD,0.2142224543624454,0.013907007790871588,4,2011-08-03
OD,0.18520081705517238,0.005391091465221145,5,2011-08-03
OD,0.2544428888294432,0.014917763056911164,7,2011-08-03
OD,0.18910939825905693,0.011365874188708049,9,2011-08-03
OD,0.20933674938148922,0.006887204480055764,3,2011-08-03
OD,NA,NA,8,2011-08-03
OD,0.2481018818087048,0.017492184522387842,11,2011-08-03
OD,0.18837779263655344,0.004327261714053739,2,2011-08-03
OD,0.22998318407270643,0.02017653117620949,1,2011-08-03
OD,0.1978006528483497,0.006355247512373991,10,2011-08-03
OD,0.2031407869524426,0.008740402519936626,12,2011-08-03
OD,0.17618846065468258,0.013734666625197844,6,2012-08-04
OD,0.18026898801326752,0.01403625853849116,4,2012-08-04
OD,0.16576526231235927,0.009680102176342903,5,2012-08-04
OD,0.26595579584439594,0.0070569803119129165,7,2012-08-04
OD,0.1720679650704066,0.007611453824229595,9,2012-08-04
OD,0.22062828640143076,0.009121816066953461,3,2012-08-04
OD,NA,NA,8,2012-08-04
OD,0.23488659660021463,0.010182708857990285,11,2012-08-04
OD,0.166886857814259,0.009786666268725455,2,2012-08-04
OD,0.2694898711310493,0.020000037787609053,1,2012-08-04
OD,0.18316665126217735,0.006483077679745489,10,2012-08-04
OD,0.17828887204329172,0.00835994852599677,12,2012-08-04
W,0.1991451233625412,0.017648061471689406,11,2015-04-30
W,0.19166277845700583,0.00894058044932932,1,2015-04-30
W,0.18150708576043448,0.00291332229619144,12,2015-04-30
W,0.18208013309372795,0.009895827909095834,10,2015-04-30
W,0.18986823823716906,0.002941526362903861,2,2015-04-30
W,0.20132690833674538,0.010301553262301774,9,2015-04-30
W,0.19698846174610984,0.020133853712965888,7,2015-04-30
W,0.20779084165891012,0.006958977266698359,8,2015-04-30
W,0.17187025646368662,0.0032253231807998664,3,2015-04-30
W,0.20193902982605827,0.010814865934674628,4,2015-04-30
W,0.1914105216662089,0.007783734693089121,6,2015-04-30
W,0.1847461329566108,0.0072390578601667956,5,2015-04-30
W,0.20703193545341492,0.012272869103184068,11,2014-05-30
W,0.18183086646927726,0.005862305559151094,1,2014-05-30
W,0.19259095523092482,0.012904810128461976,12,2014-05-30
W,0.18918091389867994,0.002948354570879002,10,2014-05-30
W,0.190798776017295,0.008433214408140717,2,2014-05-30
W,0.1835167176193661,0.007770898001468251,9,2014-05-30
W,0.18179891341262394,0.012789055020681409,7,2014-05-30
W,0.17485924561818442,0.006159751796949301,8,2014-05-30
W,0.188822564151552,0.009837725235684585,3,2014-05-30
W,0.1642937958240509,0.0077516486978428285,4,2014-05-30
W,0.1733772704998652,0.0060194849562351105,6,2014-05-30
W,0.1878304878870646,0.004677371766889838,5,2014-05-30
W,0.27577751874923706,0.02009610897250046,11,2015-06-13
W,0.2712084982130263,0.0068217738759654475,1,2015-06-13
W,0.22693025403552586,0.006656192651894625,12,2015-06-13
W,0.2391045010752148,0.004912408768167799,10,2015-06-13
W,0.23297375606165993,0.0041991520150136364,2,2015-06-13
W,0.23982969919840494,0.0027170142513580162,9,2015-06-13
W,0.26144235332806903,0.00829603985639039,7,2015-06-13
W,0.2308497577905655,0.007976393331553283,8,2015-06-13
W,0.23398326834042868,0.012718055869993783,3,2015-06-13
W,0.23264169692993164,0.007221547808442,4,2015-06-13
W,0.26520731382899815,0.008491326899402196,6,2015-06-13
W,0.3035770853360494,0.008313279798130875,5,2015-06-13
W,0.5694376031557719,0.004829662565301616,11,2013-06-15
W,0.5435337026913961,0.010282600431202594,1,2013-06-15
W,0.5017455915609995,0.01779826071931489,12,2013-06-15
W,0.5371489723523458,0.013643833279535542,10,2013-06-15
W,0.5769007669554816,0.02127539126558279,2,2013-06-15
W,0.5598621765772501,0.020371396594843064,9,2013-06-15
W,0.47441261675622726,0.02403338478339224,7,2013-06-15
W,0.5644074016147189,0.006294030831486154,8,2013-06-15
W,0.5200561185677847,0.023414993217860076,3,2013-06-15
W,0.5893025663163927,0.011453840462163125,4,2013-06-15
W,0.5426256789101495,0.0034420512391331675,6,2013-06-15
W,0.5691250297758315,0.0029417282543374294,5,2013-06-15
W,0.5463648239771525,0.035367996992924464,11,2014-06-19
W,0.5169163114494748,0.024139092011617853,1,2014-06-19
W,0.5537251101599799,0.016256759660575295,12,2014-06-19
W,0.56834301021364,0.01890256469315111,10,2014-06-19
W,0.5576361748907301,0.017518703852748972,2,2014-06-19
W,0.5289376775423685,0.022968803278263714,9,2014-06-19
W,0.5318671001328362,0.0401187946602031,7,2014-06-19
W,0.4275120662318336,0.018804344721016948,8,2014-06-19
W,0.5238495601548089,0.015032777969483468,3,2014-06-19
W,0.32883136802249485,0.0231252855107099,4,2014-06-19
W,0.44679103295008343,0.033344889242704095,6,2014-06-19
W,0.4217492706245846,0.013620213009181585,5,2014-06-19
W,0.3743267191780938,0.01764298947753377,11,2011-06-21
W,0.46525490946239895,0.01970490456808515,1,2011-06-21
W,0.3841191861364577,0.02882177502558151,12,2011-06-21
W,0.3018323216173384,0.01602848596425382,10,2011-06-21
W,0.488932599623998,0.014254895201790263,2,2011-06-21
W,0.4089832968182034,0.026817146141244873,9,2011-06-21
W,0.4538041518794166,0.03311430065305019,7,2011-06-21
W,0.41120890776316327,0.027141345381983737,8,2011-06-21
W,0.5000303056504991,0.028949379284730306,3,2011-06-21
W,0.45500198668903774,0.03162025650770961,4,2011-06-21
W,0.46455273032188416,0.012227427546326504,6,2011-06-21
W,0.5158390866385566,0.013464424184489123,5,2011-06-21
W,0.2292411873737971,0.004740008770205477,11,2012-06-23
W,0.23675022522608438,0.009623379847115449,1,2012-06-23
W,0.23747242656019,0.006287453756091763,12,2012-06-23
W,0.23509467475944096,0.01761682618848911,10,2012-06-23
W,0.20596679382854038,0.009627385210991341,2,2012-06-23
W,0.23175005780325997,0.00761141897922615,9,2012-06-23
W,0.24443521267837948,0.015399275432386006,7,2012-06-23
W,0.2395297818713718,0.004470661582243508,8,2012-06-23
W,0.23262357711791992,0.004406081450508509,3,2012-06-23
W,0.20978695154190063,0.008903284509700826,4,2012-06-23
W,0.21069935792022282,0.005121841698505657,6,2012-06-23
W,0.22788578271865845,0.011460518110359155,5,2012-06-23
W,0.24010035726759169,0.005396701342007199,11,2012-06-25
W,0.24328148696157667,0.016340886497219,1,2012-06-25
W,0.24930020504527622,0.004669354382826669,12,2012-06-25
W,0.2534123394224379,0.008289304934004989,10,2012-06-25
W,0.21190337671173942,0.01011851960698293,2,2012-06-25
W,0.2277871055735482,0.010301986491928284,9,2012-06-25
W,0.24250851571559906,0.021097835656207823,7,2012-06-25
W,0.24089146653811136,0.012892677532015763,8,2012-06-25
W,0.24263280464543235,0.007190665213251834,3,2012-06-25
W,0.19689786930878958,0.008948237987335489,4,2012-06-25
W,0.21066641641987693,0.011852369017046647,6,2012-06-25
W,0.24670473237832388,0.015498887009297975,5,2012-06-25
W,0.5074241492483351,0.005349392948029553,11,2013-06-27
W,0.49624372522036236,0.023695639513843816,1,2013-06-27
W,0.4867987467183007,0.02165854564290521,12,2013-06-27
W,0.47287965483135647,0.01080325653896238,10,2013-06-27
W,0.548324293560452,0.012065275617657228,2,2013-06-27
W,0.5023519761032529,0.029250203930138927,9,2013-06-27
W,0.4448276095920139,0.0309823973042593,7,2013-06-27
W,0.5214624669816759,0.00749689123964429,8,2013-06-27
W,0.49457717272970414,0.04307948132898114,3,2013-06-27
W,0.5332227879100375,0.013832757563825624,4,2013-06-27
W,0.49807918071746826,0.010885326186106901,6,2013-06-27
W,0.49525707297854954,0.0075637863926254715,5,2013-06-27
W,0.6061860786543952,0.023359100336351468,11,2014-06-30
W,0.5126962926652696,0.016846113995480486,1,2014-06-30
W,0.590300096405877,0.01583747028563664,12,2014-06-30
W,0.5663138628005981,0.03291870645550865,10,2014-06-30
W,0.577845209174686,0.025582275026927906,2,2014-06-30
W,0.547924260298411,0.05038068360682532,9,2014-06-30
W,0.5700007081031799,0.02233955758016393,7,2014-06-30
W,0.5086512433158027,0.022181326079210237,8,2014-06-30
W,0.5773863461282518,0.023354282019582215,3,2014-06-30
W,0.4211804336971707,0.04998291520222887,4,2014-06-30
W,0.5283993946181403,0.032072299238866904,6,2014-06-30
W,0.5597372055053711,0.03127172977184815,5,2014-06-30
W,0.6371289491653442,0.008265971453209764,11,2013-06-06
W,0.6006083356009589,0.010035428130540685,1,2013-06-06
W,0.5952777928776212,0.01286067069872389,12,2013-06-06
W,0.6308645473586189,0.014555476796281842,10,2013-06-06
W,0.612746947341495,0.017738773851368673,2,2013-06-06
W,0.6358036067750719,0.02065227073916482,9,2013-06-06
W,0.5960340566105313,0.010014351678592845,7,2013-06-06
W,0.6282386316193475,0.008760606122448687,8,2013-06-06
W,0.6002871990203857,0.021628501326220767,3,2013-06-06
W,0.6288641161388822,0.009753594434955161,4,2013-06-06
W,0.6267509791586134,0.006882976117689037,6,2013-06-06
W,0.6333854860729642,0.007869604925914403,5,2013-06-06
W,0.6371289491653442,0.008265971453209764,11,2013-06-06
W,0.6006083356009589,0.010035428130540685,1,2013-06-06
W,0.5952777928776212,0.01286067069872389,12,2013-06-06
W,0.6308645473586189,0.014555476796281842,10,2013-06-06
W,0.612746947341495,0.017738773851368673,2,2013-06-06
W,0.6358036067750719,0.02065227073916482,9,2013-06-06
W,0.5960340566105313,0.010014351678592845,7,2013-06-06
W,0.6282386316193475,0.008760606122448687,8,2013-06-06
W,0.6002871990203857,0.021628501326220767,3,2013-06-06
W,0.6288641161388822,0.009753594434955161,4,2013-06-06
W,0.6267509791586134,0.006882976117689037,6,2013-06-06
W,0.6333854860729642,0.007869604925914403,5,2013-06-06
W,0.5610284076796638,0.017365315745970656,11,2016-06-06
W,0.5676310658454895,0.016065322091314997,1,2016-06-06
W,0.5069006052282121,0.014052294166233817,12,2016-06-06
W,0.4897180365191566,0.006572308745078627,10,2016-06-06
W,0.591233061419593,0.00438137213235814,2,2016-06-06
W,0.5413128534952799,0.003750020686687182,9,2016-06-06
W,0.5742001997099982,0.022578005572999243,7,2016-06-06
W,0.5667088097996182,0.014768105636437627,8,2016-06-06
W,0.5640921857621934,0.02604171212789587,3,2016-06-06
W,0.5580016175905863,0.010382552467415184,4,2016-06-06
W,0.5850895312097337,0.011904718914014716,6,2016-06-06
W,0.5732583933406405,0.003513516182602314,5,2016-06-06
W,0.23619025945663452,0.01057546688443173,11,2015-06-08
W,0.23211217754416996,0.011776728898731404,1,2015-06-08
W,0.2000890291399426,0.0040344312010428115,12,2015-06-08
W,0.2020407716433207,0.0061272930528014505,10,2015-06-08
W,0.20039376450909507,0.004577535808985023,2,2015-06-08
W,0.21263110637664795,0.005311193471240235,9,2015-06-08
W,0.2200182858440611,0.011706582180363915,7,2015-06-08
W,0.19891081915961373,0.004802578748263904,8,2015-06-08
W,0.20318913790914747,0.006781962202187831,3,2015-06-08
W,0.2029324538177914,0.006551098008437758,4,2015-06-08
W,0.2206165525648329,0.006693556944607622,6,2015-06-08
W,0.2501863373650445,0.015644378468826884,5,2015-06-08
W,0.5766090883149041,0.024370418855596754,11,2014-07-11
W,0.5409863657421536,0.02862495547295505,1,2014-07-11
W,0.5935712390475802,0.016662364127035593,12,2014-07-11
W,0.5531380507681105,0.013562252187794993,10,2014-07-11
W,0.6114232540130615,0.019016342333699587,2,2014-07-11
W,0.5569446616702609,0.03788859661049973,9,2014-07-11
W,0.5395307275984023,0.0219947767731665,7,2014-07-11
W,0.5358588695526123,0.012529671738877543,8,2014-07-11
W,0.5791827241579691,0.03366876103929007,3,2014-07-11
W,0.49403051204151577,0.034780295185718055,4,2014-07-11
W,0.5769690540101793,0.019759993596666678,6,2014-07-11
W,0.5525641573799981,0.02607443708268066,5,2014-07-11
W,0.5766090883149041,0.024370418855596754,11,2014-07-11
W,0.5409863657421536,0.02862495547295505,1,2014-07-11
W,0.5935712390475802,0.016662364127035593,12,2014-07-11
W,0.5531380507681105,0.013562252187794993,10,2014-07-11
W,0.6114232540130615,0.019016342333699587,2,2014-07-11
W,0.5569446616702609,0.03788859661049973,9,2014-07-11
W,0.5395307275984023,0.0219947767731665,7,2014-07-11
W,0.5358588695526123,0.012529671738877543,8,2014-07-11
W,0.5791827241579691,0.03366876103929007,3,2014-07-11
W,0.49403051204151577,0.034780295185718055,4,2014-07-11
W,0.5769690540101793,0.019759993596666678,6,2014-07-11
W,0.5525641573799981,0.02607443708268066,5,2014-07-11
W,0.570737275812361,0.012197642133900103,11,2011-07-15
W,0.3703221811188592,0.025042173535930745,1,2011-07-15
W,0.33559056785371566,0.009277644638870734,12,2011-07-15
W,0.5305189689000448,0.012620135254162395,10,2011-07-15
W,0.3865848746564653,0.012402864141616938,2,2011-07-15
W,0.5784316923883226,0.009275862482292977,9,2011-07-15
W,0.3433205518457625,0.030211373539180172,7,2011-07-15
W,0.343648976749844,0.016314779057916052,8,2011-07-15
W,0.3803362515237596,0.032537083630070573,3,2011-07-15
W,0.36282992362976074,0.02121050876088368,4,2011-07-15
W,0.4161289930343628,0.007974717763637186,6,2011-07-15
W,0.4071025484138065,0.016276616509840313,5,2011-07-15
W,0.43084559506840175,0.0130069490834319,11,2012-07-15
W,0.4471568895710839,0.014469918698059801,1,2012-07-15
W,0.4364742437998454,0.009350359362837771,12,2012-07-15
W,0.43335266908009845,0.009060775044947069,10,2012-07-15
W,NA,NA,2,2012-07-15
W,0.42105897267659503,0.008429441777288504,9,2012-07-15
W,0.44697008199161953,0.007607085653773237,7,2012-07-15
W,0.42302458153830635,0.014648750755177223,8,2012-07-15
W,0.41688603162765503,0.010622383417958512,3,2012-07-15
W,0.37067873279253644,0.015275460339594359,4,2012-07-15
W,0.40427061915397644,0.006161050728975955,6,2012-07-15
W,0.4248472551504771,0.008811166040901411,5,2012-07-15
W,0.16315729088253444,0.013842910414158643,11,2013-07-15
W,0.1578165723217858,0.010597019592596525,1,2013-07-15
W,0.15073730382654402,0.0077692818273149096,12,2013-07-15
W,0.14672703544298807,0.007563004074293883,10,2013-07-15
W,0.16203368537955815,0.005283711982117788,2,2013-07-15
W,0.15210488438606262,0.008931002342418094,9,2013-07-15
W,0.14246775541040632,0.005377694118196518,7,2013-07-15
W,0.15657666656706068,0.013180095727826607,8,2013-07-15
W,0.15205243561002943,0.006230039414187624,3,2013-07-15
W,0.16351663900746238,0.013212213767882435,4,2013-07-15
W,0.15134095152219137,0.009245265081337009,6,2013-07-15
W,0.15353634622361925,0.00998138985026963,5,2013-07-15
W,0.3936377896202935,0.01183225837571305,11,2014-07-22
W,0.3750849531756507,0.018132724632722943,1,2014-07-22
W,0.4081974956724379,0.019251617077146524,12,2014-07-22
W,0.36936503317621017,0.012097196568695803,10,2014-07-22
W,0.4512775242328644,0.027574450650616197,2,2014-07-22
W,0.4148210386435191,0.020868670807579738,9,2014-07-22
W,0.3549235959847768,0.04077927899638467,7,2014-07-22
W,0.42505479521221584,0.013067771762492313,8,2014-07-22
W,0.43034157156944275,0.04627562181050495,3,2014-07-22
W,0.4005158709155189,0.021126401208729825,4,2014-07-22
W,0.4023600154452854,0.030940073798090256,6,2014-07-22
W,0.4326784412066142,0.00929587526590979,5,2014-07-22
W,0.13512221061521107,0.01560426701802532,11,2013-07-24
W,0.13100157926479974,0.005200256642480143,1,2013-07-24
W,0.13010043650865555,0.007164178804902515,12,2013-07-24
W,0.12122442738877402,0.009225236543274442,10,2013-07-24
W,0.1360023468732834,0.0057461593933663254,2,2013-07-24
W,0.13255997912751305,0.008635009383271964,9,2013-07-24
W,0.1247064405017429,0.0042216829415415965,7,2013-07-24
W,0.13031331284178627,0.009188754814648425,8,2013-07-24
W,0.13175112091832691,0.010324146992835653,3,2013-07-24
W,0.13769557078679404,0.004416808318953966,4,2013-07-24
W,0.13505706522199842,0.0056869059942581705,6,2013-07-24
W,0.13277722812361187,0.008816832792680999,5,2013-07-24
W,0.4767969515588548,0.00894458544515143,11,2012-07-25
W,0.4940979282061259,0.018741209395294275,1,2012-07-25
W,0.5045566625065274,0.021363558363786075,12,2012-07-25
W,0.4711042708820767,0.013869150070738826,10,2012-07-25
W,0.463253829214308,0.010076331875723925,2,2012-07-25
W,0.46896978219350177,0.009891343293841585,9,2012-07-25
W,0.48914750417073566,0.014611598818274209,7,2012-07-25
W,0.4930616683430142,0.014943141213393884,8,2012-07-25
W,0.4751005470752716,0.010980255406206018,3,2012-07-25
W,0.40790360503726536,0.014527775375321466,4,2012-07-25
W,0.4622383581267463,0.016328693265532938,6,2012-07-25
W,0.49566881524191964,0.015005384732987686,5,2012-07-25
W,0.5550351076655917,0.01603470700999141,11,2011-07-27
W,0.2501130898793538,0.017529615602150658,1,2011-07-27
W,0.26245185401704574,0.009931803040412966,12,2011-07-27
W,0.5008784002727933,0.01985217453630489,10,2011-07-27
W,0.24636196924580467,0.015110481721494816,2,2011-07-27
W,0.5398766530884637,0.008941787251123939,9,2011-07-27
W,0.2607232795821296,0.029278614841168643,7,2011-07-27
W,0.2701067560248905,0.009407929004863837,8,2011-07-27
W,0.25426147050327724,0.02048173281682605,3,2011-07-27
W,0.26951425274213153,0.009282398047537754,4,2011-07-27
W,0.2764972514576382,0.011866410679838667,6,2011-07-27
W,0.24148665368556976,0.013014301849753879,5,2011-07-27
W,0.3430950476063622,0.016392772836003877,11,2012-07-08
W,0.34058548344506157,0.014840088462723397,1,2012-07-08
W,0.3329068687227037,0.019745682016429893,12,2012-07-08
W,0.3424699339601729,0.012072506166759018,10,2012-07-08
W,0.29430938098165726,0.010065466559120703,2,2012-07-08
W,0.326138264603085,0.020832330588939043,9,2012-07-08
W,0.32648946510420906,0.029017663201137144,7,2012-07-08
W,0.33209800389077926,0.016695438410435758,8,2012-07-08
W,0.32161781522962785,0.01298969635356472,3,2012-07-08
W,0.2591143780284458,0.01358459848308541,4,2012-07-08
W,0.28875969184769523,0.009648550190354833,6,2012-07-08
W,0.3391043444474538,0.020015313073846092,5,2012-07-08
W,0.19959044953187308,0.007233684510212497,11,2013-07-09
W,0.2313673562473721,0.016493779639732132,1,2013-07-09
W,0.22273444135983786,0.007431854106805964,12,2013-07-09
W,0.17859487566683027,0.009781667502350275,10,2013-07-09
W,0.23511582447422874,0.007250687011624878,2,2013-07-09
W,0.19393248193793827,0.004328191259440924,9,2013-07-09
W,0.1914685997698042,0.006480443669364905,7,2013-07-09
W,0.23335418105125427,0.009454653488059519,8,2013-07-09
W,0.20143893195523155,0.025966172792054713,3,2013-07-09
W,0.24833880199326408,0.010072922762866181,4,2013-07-09
W,0.20212390853299034,0.014388580967282587,6,2013-07-09
W,0.2031384524371889,0.00724389189557171,5,2013-07-09
W,0.4016491340266334,0.015275637002570619,11,2012-08-04
W,0.42041554384761387,0.010839338826629762,1,2012-08-04
W,0.4313847819964091,0.019056190441371502,12,2012-08-04
W,0.36371593011750114,0.011778700972830587,10,2012-08-04
W,0.44984959231482613,0.010095811461601073,2,2012-08-04
W,0.3937213520208995,0.013303081344854861,9,2012-08-04
W,0.37633397844102645,0.021228371551284406,7,2012-08-04
W,0.4373490313688914,0.009980879202175115,8,2012-08-04
W,0.41509976983070374,0.016073325457905626,3,2012-08-04
W,0.42007779081662494,0.009654092852279464,4,2012-08-04
W,0.4239502747853597,0.012345014814128814,6,2012-08-04
W,0.43696927693155074,0.010187111522492943,5,2012-08-04
