"DOY","field","sensor","raw_smr","filename","date","depth_1","depth_2","depth_3","year","day","sm_mean","error"
"1342014","AES",1,0.29088535,"rz.mc_1342014.asc","2014-05-14",0.370107605621432,0.320682513858812,0.312672829260406,2014,134,0.334487649580217,0.0436022995802166
"1502014","OD",1,0.31212431,"rz.mc_1502014.asc","2014-05-30",0.226413257570756,NA,0.321670057265202,2014,150,0.274041657417979,0.0380826525820213
"1552014","AES",1,0.22065806,"rz.mc_1552014.asc","2014-06-04",0.187162003437232,0.247472463816293,0.321625686204502,2014,155,0.252086717819342,0.0314286578193423
"1592013","AES",1,0.20970126,"rz.mc_1592013.asc","2013-06-08",0.273925643833114,0.304266700905627,0.339139576650944,2013,159,0.305777307129895,0.0960760471298951
"1652012","OD",1,0.36136406,"rz.mc_1652012.asc","2012-06-13",0.380281495502176,0.468103497037001,0.330424249535046,2012,165,0.392936414024741,0.0315723540247408
"1662013","AES",1,0.18224615,"rz.mc_1662013.asc","2013-06-15",0.233936018257311,0.26659414467049,0.335894822147545,2013,166,0.278808328358449,0.0965621783584488
"1662013","OD",1,0.23390746,"rz.mc_1662013.asc","2013-06-15",0.196712604540228,0.241051835108361,0.289977473035283,2013,166,0.242580637561291,0.00867317756129096
"1672012","OD",1,0.34795463,"rz.mc_1672012.asc","2012-06-15",0.37384626047311,0.457353734799424,0.330677187182385,2012,167,0.38729239415164,0.0393377641516398
"1702014","AES",1,0.19801124,"rz.mc_1702014.asc","2014-06-19",0.140490805603742,0.169026987624604,0.265889451739481,2014,170,0.191802414989276,0.00620882501072426
"1702014","OD",1,0.26898428,"rz.mc_1702014.asc","2014-06-19",0.127097031319053,NA,0.316913660875866,2014,170,0.222005346097459,0.0469789339025405
"1772011","AES",1,0.20629052,"rz.mc_1772011.asc","2011-06-26",NA,NA,NA,2011,177,NA,NA
"1772012","AES",1,0.17288861,"rz.mc_1772012.asc","2012-06-25",0.207172640620917,0.236571315349543,0.327153964092495,2012,177,0.256965973354318,0.0840773633543184
"1772012","OD",1,0.29577319,"rz.mc_1772012.asc","2012-06-25",0.314494241126662,0.431184787359738,0.329677010789008,2012,177,0.358452013091803,0.0626788230918026
"1782013","OD",1,0.258472,"rz.mc_1782013.asc","2013-06-27",0.1909818093229,0.229574786027801,0.282367581056637,2013,178,0.234308058802446,0.0241639411975542
"1802013","AES",1,0.18634548,"rz.mc_1802013.asc","2013-06-29",0.231138082439126,0.239701423388769,0.318842286792741,2013,180,0.263227264206879,0.0768817842068785
"1852013","OD",1,0.23024695,"rz.mc_1852013.asc","2013-07-04",0.192910554105732,0.226340615214745,0.277687313993005,2013,185,0.232312827771161,0.0020658777711606
"1862011","OD",1,0.23379331,"rz.mc_1862011.asc","2011-07-05",NA,NA,NA,2011,186,NA,NA
"1882012","AES",1,0.17594541,"rz.mc_1882012.asc","2012-07-06",0.197196877893633,0.211129915883797,0.300720499383795,2012,188,0.236349097720408,0.0604036877204084
"1882014","OD",1,0.22229837,"rz.mc_1882014.asc","2014-07-07",0.145783292428549,NA,0.296949029990239,2014,188,0.221366161209394,0.000932208790606098
"1892013","AES",1,0.16635049,"rz.mc_1892013.asc","2013-07-08",0.226935275893667,0.2342175532221,0.305300893996346,2013,189,0.255484574370704,0.0891340843707041
"1892014","AES",1,0.16517426,"rz.mc_1892014.asc","2014-07-08",0.165447837873371,0.166489811632452,0.189749259901047,2014,189,0.173895636468957,0.00872137646895696
"1902011","AES",1,0.16769181,"rz.mc_1902011.asc","2011-07-09",NA,NA,NA,2011,190,NA,NA
"1922012","OD",1,0.25483725,"rz.mc_1922012.asc","2012-07-10",0.307369638782844,0.404947165533539,0.325064017743219,2012,192,0.345793607353201,0.0909563573532006
"1922014","OD",1,0.21488493,"rz.mc_1922014.asc","2014-07-11",0.144091945241237,NA,0.282334966833424,2014,192,0.21321345603733,0.00167147396266984
"1952012","AES",1,0.17011696,"rz.mc_1952012.asc","2012-07-13",0.204327482257278,0.20465212515491,0.28028446574694,2012,195,0.229754691053042,0.0596377310530425
"1962011","OD",1,0.2151775,"rz.mc_1962011.asc","2011-07-15",NA,NA,NA,2011,196,NA,NA
"1962013","OD",1,0.21204723,"rz.mc_1962013.asc","2013-07-15",0.177036562379644,0.215682451372624,0.270398061332368,2013,196,0.221039025028212,0.0089917950282121
"1972012","OD",1,0.24068257,"rz.mc_1972012.asc","2012-07-15",0.303873650618531,0.400149885795947,0.323855829874743,2012,197,0.34262645542974,0.10194388542974
"2052013","OD",1,0.20898224,"rz.mc_2052013.asc","2013-07-24",0.178091199892484,0.215809515981435,0.269219258019657,2013,205,0.221039991297859,0.0120577512978585
"2062014","AES",1,0.16541674,"rz.mc_2062014.asc","2014-07-25",NA,0.166630550429619,0.187075677688777,2014,206,0.176853114059198,0.0114363740591982
"2082013","AES",1,0.16147476,"rz.mc_2082013.asc","2013-07-27",0.205752029045158,0.225531874279129,0.268914875565705,2013,208,0.233399592963331,0.0719248329633307
"2122011","AES",1,0.16464927,"rz.mc_2122011.asc","2011-07-31",NA,NA,NA,2011,212,NA,NA
"2132012","OD",1,0.21623811,"rz.mc_2132012.asc","2012-07-31",0.295358723558216,0.387287188947491,0.31966986243232,2012,213,0.334105258312676,0.117867148312676
"2152011","OD",1,0.20587338,"rz.mc_2152011.asc","2011-08-03",NA,NA,NA,2011,215,NA,NA
"2172012","OD",1,0.2110097,"rz.mc_2172012.asc","2012-08-04",0.290465042119346,0.382731712849238,0.319071177002882,2012,217,0.330755977323822,0.119746277323822
"1342014","AES",2,0.28992359,"rz.mc_1342014.asc","2014-05-14",0.288393273494559,0.290656212797677,0.25361516379001,2014,134,0.277554883360749,0.0123687066392509
"1502014","OD",2,0.30416939,"rz.mc_1502014.asc","2014-05-30",0.234215439479565,0.283384535572485,0.328687693114623,2014,150,0.282095889388891,0.0220735006111092
"1552014","AES",2,0.2204074,"rz.mc_1552014.asc","2014-06-04",0.180594367660983,0.266682767438432,0.245828533543175,2014,155,0.231035222880863,0.0106278228808631
"1592013","AES",2,0.21002887,"rz.mc_1592013.asc","2013-06-08",0.186636149271701,0.282742939556302,0.283943422415155,2013,159,0.251107503747719,0.0410786337477193
"1652012","OD",2,0.32171581,"rz.mc_1652012.asc","2012-06-13",0.25116043782114,0.296431980206946,0.401244465317835,2012,165,0.316278961115307,0.00543684888469326
"1662013","AES",2,0.18217608,"rz.mc_1662013.asc","2013-06-15",0.164531631094989,0.251055213763113,0.266410746723965,2013,166,0.227332530527355,0.0451564505273554
"1662013","OD",2,0.23680797,"rz.mc_1662013.asc","2013-06-15",0.208946384663353,0.268346954570779,0.317452366653428,2013,166,0.264915235295853,0.0281072652958534
"1672012","OD",2,0.31222271,"rz.mc_1672012.asc","2012-06-15",0.241938088369119,0.292678932512571,0.392686483309106,2012,167,0.309101168063598,0.00312154193640163
"1702014","AES",2,0.19764004,"rz.mc_1702014.asc","2014-06-19",0.126695956044762,0.183142476691089,0.213163133423683,2014,170,0.174333855386511,0.0233061846134885
"1702014","OD",2,0.26421679,"rz.mc_1702014.asc","2014-06-19",0.173544880592147,0.228204960153799,0.257636220619757,2014,170,0.219795353788568,0.0444214362114322
"1772011","AES",2,0.19998355,"rz.mc_1772011.asc","2011-06-26",NA,NA,NA,2011,177,NA,NA
"1772012","AES",2,0.17267853,"rz.mc_1772012.asc","2012-06-25",0.182109108299928,0.264468790110473,0.261957713768956,2012,177,0.236178537393119,0.0635000073931192
"1772012","OD",2,0.26775815,"rz.mc_1772012.asc","2012-06-25",0.205696085280591,0.26331955445718,0.325673415341788,2012,177,0.264896351693187,0.00286179830681327
"1782013","OD",2,0.26120945,"rz.mc_1782013.asc","2013-06-27",0.203495374991504,0.254900346399743,0.281411152239195,2013,178,0.246602291210147,0.0146071587898528
"1802013","AES",2,0.18617451,"rz.mc_1802013.asc","2013-06-29",0.159887109865336,0.221251725781238,0.244521843142005,2013,180,0.208553559596193,0.0223790495961931
"1852013","OD",2,0.23258096,"rz.mc_1852013.asc","2013-07-04",0.204583519717544,0.258010322956483,0.268647586926176,2013,185,0.243747143200068,0.0111661832000675
"1862011","OD",2,0.2201582,"rz.mc_1862011.asc","2011-07-05",NA,NA,NA,2011,186,NA,NA
"1882012","AES",2,0.17575072,"rz.mc_1882012.asc","2012-07-06",0.176034568758834,0.23589892867771,0.237959190390838,2012,188,0.216630895942461,0.0408801759424608
"1882014","OD",2,0.22130422,"rz.mc_1882014.asc","2014-07-07",0.190146150375691,0.233629416981064,0.229967217680616,2014,188,0.217914261679124,0.00338995832087641
"1892013","AES",2,0.16612665,"rz.mc_1892013.asc","2013-07-08",0.155218282375432,0.200011802919394,0.230004736527401,2013,189,0.195078273940743,0.0289516239407425
"1892014","AES",2,0.16497408,"rz.mc_1892014.asc","2014-07-08",0.125890955248894,0.126367468639806,0.139036192385402,2014,189,0.130431538758034,0.0345425412419662
"1902011","AES",2,0.1661082,"rz.mc_1902011.asc","2011-07-09",NA,NA,NA,2011,190,NA,NA
"1922012","OD",2,0.23746014,"rz.mc_1922012.asc","2012-07-10",0.19471227076802,0.250466308720941,0.258309789287851,2012,192,0.234496122925604,0.00296401707439575
"1922014","OD",2,0.21432915,"rz.mc_1922014.asc","2014-07-11",0.191326079606954,0.232799949282522,0.216281949900839,2014,192,0.213469326263438,0.00085982373656196
"1952012","AES",2,0.16997516,"rz.mc_1952012.asc","2012-07-13",0.162212408762694,0.215011772311931,0.20700896749395,2012,195,0.194744382856192,0.0247692228561916
"1962011","OD",2,0.21203533,"rz.mc_1962011.asc","2011-07-15",NA,NA,NA,2011,196,NA,NA
"1962013","OD",2,0.21287234,"rz.mc_1962013.asc","2013-07-15",0.191720902085039,0.242823401776695,0.246929846799804,2013,196,0.227158050220513,0.0142857102205126
"1972012","OD",2,0.2281043,"rz.mc_1972012.asc","2012-07-15",0.191970704264463,0.247161010310598,0.251807183409332,2012,197,0.230312965994798,0.00220866599479749
"2052013","OD",2,0.20920194,"rz.mc_2052013.asc","2013-07-24",0.194763721668958,0.240277046225875,0.243481013151601,2013,205,0.226173927015478,0.016971987015478
"2062014","AES",2,0.1652784,"rz.mc_2062014.asc","2014-07-25",0.113358016800856,0.103184651710497,0.0881292664545408,2014,206,0.101557311655298,0.0637210883447018
"2082013","AES",2,0.16133222,"rz.mc_2082013.asc","2013-07-27",0.145021806200085,0.165962442739379,0.195251718465489,2013,208,0.168745322468318,0.00741310246831769
"2122011","AES",2,0.16430604,"rz.mc_2122011.asc","2011-07-31",NA,NA,NA,2011,212,NA,NA
"2132012","OD",2,0.21340247,"rz.mc_2132012.asc","2012-07-31",0.193563787334162,0.245449478709446,0.239538305272951,2012,213,0.226183857105519,0.0127813871055195
"2152011","OD",2,0.20542522,"rz.mc_2152011.asc","2011-08-03",NA,NA,NA,2011,215,NA,NA
"2172012","OD",2,0.20914634,"rz.mc_2172012.asc","2012-08-04",0.193862436091413,0.245741085281389,0.241067596172788,2012,217,0.226890372515197,0.0177440325151969
"1342014","AES",3,0.29576132,"rz.mc_1342014.asc","2014-05-14",0.274407709027045,0.297605797761506,0.333702083980981,2014,134,0.301905196923178,0.00614387692317753
"1502014","OD",3,0.30769587,"rz.mc_1502014.asc","2014-05-30",0.223558518008732,0.301434343464213,0.284560278476023,2014,150,0.269851046649656,0.0378448233503438
"1552014","AES",3,0.23041933,"rz.mc_1552014.asc","2014-06-04",0.19196566912392,0.295825949808313,0.32447168119024,2014,155,0.270754433374157,0.0403351033741575
"1592013","AES",3,0.22090527,"rz.mc_1592013.asc","2013-06-08",0.26137072246435,0.298211161858483,0.327948158509835,2013,159,0.29584334761089,0.0749380776108896
"1652012","OD",3,0.32496711,"rz.mc_1652012.asc","2012-06-13",0.222681776293331,0.313645656726073,0.297201562291297,2012,165,0.2778429984369,0.0471241115630995
"1662013","AES",3,0.19107315,"rz.mc_1662013.asc","2013-06-15",0.247435416474499,0.297992809821097,0.323308082197656,2013,166,0.289578769497751,0.0985056194977506
"1662013","OD",3,0.23834295,"rz.mc_1662013.asc","2013-06-15",0.247158537310358,0.325835997855828,0.286046185714514,2013,166,0.286346906960233,0.0480039569602331
"1672012","OD",3,0.31628643,"rz.mc_1672012.asc","2012-06-15",0.210238966484189,0.305333303257157,0.293311851106595,2012,167,0.269628040282647,0.0466583897173529
"1702014","AES",3,0.20500178,"rz.mc_1702014.asc","2014-06-19",0.158312294948625,0.287392912393216,0.307394278587576,2014,170,0.251033161976472,0.0460313819764722
"1702014","OD",3,0.26731296,"rz.mc_1702014.asc","2014-06-19",0.170477729995172,0.20237663103475,0.262751234745469,2014,170,0.211868531925131,0.0554444280748694
"1772011","AES",3,0.2097889,"rz.mc_1772011.asc","2011-06-26",NA,NA,NA,2011,177,NA,NA
"1772012","AES",3,0.17990658,"rz.mc_1772012.asc","2012-06-25",0.258075743812493,0.306074866485016,0.34561307548097,2012,177,0.30325456192616,0.12334798192616
"1772012","OD",3,0.27404988,"rz.mc_1772012.asc","2012-06-25",0.157089480550125,0.253062982727522,0.261617641184944,2012,177,0.223923368154197,0.0501265118458029
"1782013","OD",3,0.26250433,"rz.mc_1782013.asc","2013-06-27",0.274480933883814,0.32590371556227,0.28656972184091,2013,178,0.295651457095664,0.0331471270956644
"1802013","AES",3,0.19226755,"rz.mc_1802013.asc","2013-06-29",0.244752112051098,0.297556105746324,0.311558660037612,2013,180,0.284622292611678,0.092354742611678
"1852013","OD",3,0.23361295,"rz.mc_1852013.asc","2013-07-04",0.20154965151621,0.290019073690221,0.287071033126448,2013,185,0.25954658611096,0.0259336361109596
"1862011","OD",3,0.22364558,"rz.mc_1862011.asc","2011-07-05",NA,NA,NA,2011,186,NA,NA
"1882012","AES",3,0.18120906,"rz.mc_1882012.asc","2012-07-06",0.317662277964545,0.302888210041809,0.335988114948476,2012,188,0.318846200984944,0.137637140984944
"1882014","OD",3,0.2228866,"rz.mc_1882014.asc","2014-07-07",0.176266786538453,0.185205095018496,0.165181878350198,2014,188,0.175551253302382,0.0473353466976177
"1892013","AES",3,0.16766879,"rz.mc_1892013.asc","2013-07-08",0.235966086528883,0.293138558781045,0.303203556586158,2013,189,0.277436067298696,0.109767277298696
"1892014","AES",3,0.16526798,"rz.mc_1892014.asc","2014-07-08",0.165739982435538,0.252172119411726,0.26808077251387,2014,189,0.228664291453711,0.0633963114537114
"1902011","AES",3,0.1680275,"rz.mc_1902011.asc","2011-07-09",NA,NA,NA,2011,190,NA,NA
"1922012","OD",3,0.24247982,"rz.mc_1922012.asc","2012-07-10",0.134468355509734,0.206823319391323,0.205942863110768,2012,192,0.182411512670608,0.0600683073293916
"1922014","OD",3,0.21535046,"rz.mc_1922014.asc","2014-07-11",0.173848856487816,0.18392371875598,0.158884138628147,2014,192,0.172218904623981,0.0431315553760193
"1952012","AES",3,0.1733268,"rz.mc_1952012.asc","2012-07-13",0.309097086117934,0.301137100941118,0.326791383592216,2012,195,0.312341856883756,0.139015056883756
"1962011","OD",3,0.21267293,"rz.mc_1962011.asc","2011-07-15",NA,NA,NA,2011,196,NA,NA
"1962013","OD",3,0.21324428,"rz.mc_1962013.asc","2013-07-15",0.168230468571146,0.214037127647834,0.265466070949735,2013,196,0.215911222389572,0.00266694238957194
"1972012","OD",3,0.23206432,"rz.mc_1972012.asc","2012-07-15",0.124564346839571,0.195132026427192,0.179495535921521,2012,197,0.166397303062761,0.0656670169372388
"2052013","OD",3,0.20931605,"rz.mc_2052013.asc","2013-07-24",0.150823352012494,0.199104796711249,0.19983762832118,2013,205,0.183255259014974,0.0260607909850258
"2062014","AES",3,0.16346082,"rz.mc_2062014.asc","2014-07-25",0.150798634683335,0.219664632591732,0.218685354668843,2014,206,0.196382873981303,0.0329220539813033
"2082013","AES",3,0.15923566,"rz.mc_2082013.asc","2013-07-27",0.197684744127885,0.284329557460632,0.284326250518672,2013,208,0.255446850702397,0.0962111907023965
"2122011","AES",3,0.16290184,"rz.mc_2122011.asc","2011-07-31",NA,NA,NA,2011,212,NA,NA
"2132012","OD",3,0.21489026,"rz.mc_2132012.asc","2012-07-31",0.115610951856672,0.178945133106864,0.146665771419819,2012,213,0.147073952127785,0.0678163078722151
"2152011","OD",3,0.2053997,"rz.mc_2152011.asc","2011-08-03",NA,NA,NA,2011,215,NA,NA
"2172012","OD",3,0.21009422,"rz.mc_2172012.asc","2012-08-04",0.115553057560862,0.178131007703209,0.145540471987559,2012,217,0.146408179083876,0.0636860409161236
"1342014","AES",4,0.29418405,"rz.mc_1342014.asc","2014-05-14",NA,0.309344949540828,0.294984906850107,2014,134,0.302164928195468,0.00798087819546772
"1502014","OD",4,0.30463731,"rz.mc_1502014.asc","2014-05-30",0.211803914783246,0.244941918188389,0.220259302583812,2014,150,0.225668378518482,0.0789689314815178
"1552014","AES",4,0.22474367,"rz.mc_1552014.asc","2014-06-04",NA,0.305704851789226,0.307021440933817,2014,155,0.306363146361522,0.0816194763615217
"1592013","AES",4,0.21401602,"rz.mc_1592013.asc","2013-06-08",NA,0.319004498037067,0.336948910946554,2013,159,0.327976704491811,0.113960684491811
"1652012","OD",4,0.32227987,"rz.mc_1652012.asc","2012-06-13",0.235872096665421,0.239321453867569,0.221744173023671,2012,165,0.232312574518887,0.0899672954811132
"1662013","AES",4,0.18542848,"rz.mc_1662013.asc","2013-06-15",NA,0.271242988423546,0.302407798639435,2013,166,0.286825393531491,0.10139691353149
"1662013","OD",4,0.23923548,"rz.mc_1662013.asc","2013-06-15",0.212597859404087,0.188195709471871,0.188198709305385,2013,166,0.196330759393781,0.0429047206062191
"1672012","OD",4,0.31278491,"rz.mc_1672012.asc","2012-06-15",0.234251566834022,0.233993107409784,0.220755051794054,2012,167,0.229666575345953,0.0831183346540467
"1702014","AES",4,0.2007208,"rz.mc_1702014.asc","2014-06-19",NA,0.224326185285807,0.282806690093701,2014,170,0.253566437689754,0.0528456376897536
"1702014","OD",4,0.26527776,"rz.mc_1702014.asc","2014-06-19",0.170222700061937,0.198455554292777,0.212971996582966,2014,170,0.193883416979226,0.0713943430207736
"1772011","AES",4,0.20860225,"rz.mc_1772011.asc","2011-06-26",NA,NA,NA,2011,177,NA,NA
"1772012","AES",4,0.17361706,"rz.mc_1772012.asc","2012-06-25",NA,0.362754298882612,0.356406568097726,2012,177,0.359580433490169,0.185963373490169
"1772012","OD",4,0.26889909,"rz.mc_1772012.asc","2012-06-25",0.212566430394895,0.209096763350478,0.211263850762064,2012,177,0.210975681502479,0.0579234084975208
"1782013","OD",4,0.26316552,"rz.mc_1782013.asc","2013-06-27",0.218258187110863,0.176630683040455,0.175338725691179,2013,178,0.190075865280832,0.0730896547191676
"1802013","AES",4,0.18834295,"rz.mc_1802013.asc","2013-06-29",NA,0.226904534834157,0.234624427108071,2013,180,0.230764480971114,0.042421530971114
"1852013","OD",4,0.23411727,"rz.mc_1852013.asc","2013-07-04",0.202704486663719,0.175058917133417,0.168580326094755,2013,185,0.18211457663063,0.0520026933693698
"1862011","OD",4,0.22095369,"rz.mc_1862011.asc","2011-07-05",NA,NA,NA,2011,186,NA,NA
"1882012","AES",4,0.17638289,"rz.mc_1882012.asc","2012-07-06",NA,0.346376850625806,0.354652418127738,2012,188,0.350514634376772,0.174131744376772
"1882014","OD",4,0.2220324,"rz.mc_1882014.asc","2014-07-07",0.175429845664806,0.155386338344773,0.18238405509354,2014,188,0.171066746367706,0.0509656536322939
"1892013","AES",4,0.16631842,"rz.mc_1892013.asc","2013-07-08",NA,0.25620008851066,0.240518147548635,2013,189,0.248359118029648,0.0820406980296475
"1892014","AES",4,0.16468121,"rz.mc_1892014.asc","2014-07-08",NA,0.178469893447689,0.190414936408654,2014,189,0.184442414928171,0.0197612049281712
"1902011","AES",4,0.16771835,"rz.mc_1902011.asc","2011-07-09",NA,NA,NA,2011,190,NA,NA
"1922012","OD",4,0.23899499,"rz.mc_1922012.asc","2012-07-10",0.199945598307561,0.190960195484749,0.192048281246749,2012,192,0.19431802501302,0.0446769649869801
"1922014","OD",4,0.21479544,"rz.mc_1922014.asc","2014-07-11",0.173689145471083,0.152635149567522,0.159993753398293,2014,192,0.162106016145633,0.0526894238543671
"1952012","AES",4,0.16997443,"rz.mc_1952012.asc","2012-07-13",NA,0.375474842764991,0.362515367435884,2012,195,0.368995105100438,0.199020675100438
"1962011","OD",4,0.21222755,"rz.mc_1962011.asc","2011-07-15",NA,NA,NA,2011,196,NA,NA
"1962013","OD",4,0.2134211,"rz.mc_1962013.asc","2013-07-15",0.188830411451536,0.160476047828873,0.153662906708158,2013,196,0.167656455329522,0.0457646446704778
"1972012","OD",4,0.22945252,"rz.mc_1972012.asc","2012-07-15",0.194373605345295,0.18475687288791,0.184911518493558,2012,197,0.188013998908921,0.041438521091079
"2052013","OD",4,0.20937077,"rz.mc_2052013.asc","2013-07-24",0.188088408145423,0.154410573868041,0.145533988338722,2013,205,0.162677656784062,0.046693113215938
"2062014","AES",4,0.16410843,"rz.mc_2062014.asc","2014-07-25",NA,0.145155290818549,0.191225532780791,2014,206,0.16819041179967,0.00408198179967023
"2082013","AES",4,0.16000413,"rz.mc_2082013.asc","2013-07-27",NA,0.282415294952253,0.267620881877923,2013,208,0.275018088415088,0.115013958415088
"2122011","AES",4,0.16344852,"rz.mc_2122011.asc","2011-07-31",NA,NA,NA,2011,212,NA,NA
"2132012","OD",4,0.21411991,"rz.mc_2132012.asc","2012-07-31",0.189988625093275,0.165505115804457,0.164616960066596,2012,213,0.173370233654776,0.0407496763452241
"2152011","OD",4,0.20534857,"rz.mc_2152011.asc","2011-08-03",NA,NA,NA,2011,215,NA,NA
"2172012","OD",4,0.20962493,"rz.mc_2172012.asc","2012-08-04",0.189373978288719,0.162563526496336,0.163370279213736,2012,217,0.17176926133293,0.0378556686670697
"1342014","AES",5,0.29505604,"rz.mc_1342014.asc","2014-05-14",0.29248470937885,0.304116341064904,0.279797598970631,2014,134,0.292132883138128,0.00292315686187183
"1502014","OD",5,0.29632388,"rz.mc_1502014.asc","2014-05-30",NA,NA,NA,2014,150,NA,NA
"1552014","AES",5,0.22887757,"rz.mc_1552014.asc","2014-06-04",0.142606947848783,0.282100464005929,0.274868109630476,2014,155,0.233191840495063,0.00431427049506258
"1592013","AES",5,0.21900996,"rz.mc_1592013.asc","2013-06-08",0.171003109000332,0.308962766833107,0.284660195473774,2013,159,0.254875357102405,0.0358653971024046
"1652012","OD",5,0.31925179,"rz.mc_1652012.asc","2012-06-13",0.255868584517223,0.330021425969444,NA,2012,165,0.292945005243333,0.0263067847566665
"1662013","AES",5,0.18938284,"rz.mc_1662013.asc","2013-06-15",0.148365656317028,0.288232382684847,0.278490067739821,2013,166,0.238362702247232,0.0489798622472318
"1662013","OD",5,0.23267529,"rz.mc_1662013.asc","2013-06-15",0.229969036208286,0.290006656677809,NA,2013,166,0.259987846443047,0.0273125564430472
"1672012","OD",5,0.30930903,"rz.mc_1672012.asc","2012-06-15",0.252722010135919,0.321468907992171,NA,2012,167,0.287095459064045,0.0222135709359549
"1702014","AES",5,0.20361105,"rz.mc_1702014.asc","2014-06-19",0.189622404712224,0.22782249773681,0.255513792093569,2014,170,0.224319564847534,0.0207085148475342
"1702014","OD",5,0.25716817,"rz.mc_1702014.asc","2014-06-19",NA,NA,NA,2014,170,NA,NA
"1772011","AES",5,0.21009478,"rz.mc_1772011.asc","2011-06-26",NA,NA,NA,2011,177,NA,NA
"1772012","AES",5,0.17837794,"rz.mc_1772012.asc","2012-06-25",0.316799256717066,0.34686347513254,0.300395919538331,2012,177,0.321352883795979,0.142974943795979
"1772012","OD",5,0.26392429,"rz.mc_1772012.asc","2012-06-25",0.212955997293482,0.267688368259444,NA,2012,177,0.240322182776463,0.0236021072235374
"1782013","OD",5,0.2575378,"rz.mc_1782013.asc","2013-06-27",0.211282016896772,0.254358134182107,NA,2013,178,0.232820075539439,0.0247177244605607
"1802013","AES",5,0.19081433,"rz.mc_1802013.asc","2013-06-29",0.154083045640198,0.277038315772265,0.268189761371381,2013,180,0.233103707594614,0.0422893775946145
"1852013","OD",5,0.229595,"rz.mc_1852013.asc","2013-07-04",0.207145947918486,0.224744653445525,NA,2013,185,0.215945300682005,0.0136496993179945
"1862011","OD",5,0.218163,"rz.mc_1862011.asc","2011-07-05",NA,NA,NA,2011,186,NA,NA
"1882012","AES",5,0.17984964,"rz.mc_1882012.asc","2012-07-06",0.330281270550803,0.338258964904796,0.294813765060914,2012,188,0.321118000172171,0.141268360172171
"1882014","OD",5,0.21794928,"rz.mc_1882014.asc","2014-07-07",NA,NA,NA,2014,188,NA,NA
"1892013","AES",5,0.16673783,"rz.mc_1892013.asc","2013-07-08",0.149798176953027,0.252880986913764,0.254118422336671,2013,189,0.218932528734487,0.0521946987344873
"1892014","AES",5,0.1645066,"rz.mc_1892014.asc","2014-07-08",0.128038098036279,0.120907106385648,0.184272068662017,2014,189,0.144405757694648,0.0201008423053521
"1902011","AES",5,0.16776592,"rz.mc_1902011.asc","2011-07-09",NA,NA,NA,2011,190,NA,NA
"1922012","OD",5,0.23384479,"rz.mc_1922012.asc","2012-07-10",0.16544648174167,0.215680352142541,NA,2012,192,0.190563416942106,0.0432813730578943
"1922014","OD",5,0.21229023,"rz.mc_1922014.asc","2014-07-11",NA,NA,NA,2014,192,NA,NA
"1952012","AES",5,0.1722133,"rz.mc_1952012.asc","2012-07-13",0.290119919859532,0.326925591296675,0.290408583227909,2012,195,0.302484698128039,0.130271398128039
"1962011","OD",5,0.21184095,"rz.mc_1962011.asc","2011-07-15",NA,NA,NA,2011,196,NA,NA
"1962013","OD",5,0.21184533,"rz.mc_1962013.asc","2013-07-15",0.182737962266599,0.191925810427717,NA,2013,196,0.187331886347158,0.024513443652842
"1972012","OD",5,0.22511988,"rz.mc_1972012.asc","2012-07-15",0.148334824139579,0.203798666748849,NA,2012,197,0.176066745444214,0.0490531345557864
"2052013","OD",5,0.20891036,"rz.mc_2052013.asc","2013-07-24",0.183168692654266,0.192933934302232,NA,2013,205,0.188051313478249,0.0208590465217508
"2062014","AES",5,0.16299239,"rz.mc_2062014.asc","2014-07-25",0.110629566986009,0.106806964047075,0.122749407747,2014,206,0.113395312926694,0.0495970770733056
"2082013","AES",5,0.15878764,"rz.mc_2082013.asc","2013-07-27",0.13971250634869,0.162409027422551,0.217175641914618,2013,208,0.173099058561953,0.0143114185619531
"2122011","AES",5,0.16249531,"rz.mc_2122011.asc","2011-07-31",NA,NA,NA,2011,212,NA,NA
"2132012","OD",5,0.21222146,"rz.mc_2132012.asc","2012-07-31",0.137778667481119,0.199781038513569,NA,2012,213,0.168779852997344,0.0434416070026561
"2152011","OD",5,0.20581131,"rz.mc_2152011.asc","2011-08-03",NA,NA,NA,2011,215,NA,NA
"2172012","OD",5,0.20856209,"rz.mc_2172012.asc","2012-08-04",0.13678092221348,0.200515631692632,NA,2012,217,0.168648276953056,0.0399138130469441
"1342014","AES",6,0.29396406,"rz.mc_1342014.asc","2014-05-14",NA,0.301445584322835,0.280070750321548,2014,134,0.290758167322191,0.00320589267780858
"1502014","OD",6,0.30302601,"rz.mc_1502014.asc","2014-05-30",0.271002929416849,0.298879928451769,0.307208539264269,2014,150,0.292363799044296,0.0106622109557042
"1552014","AES",6,0.22804269,"rz.mc_1552014.asc","2014-06-04",NA,0.274463542849834,0.272398267562229,2014,155,0.273430905206031,0.0453882152060311
"1592013","AES",6,0.21856148,"rz.mc_1592013.asc","2013-06-08",NA,0.284512352825936,0.283673191060258,2013,159,0.284092771943097,0.0655312919430973
"1652012","OD",6,0.32201075,"rz.mc_1652012.asc","2012-06-13",0.320502901977793,0.317422402647253,0.258775234974928,2012,165,0.298900179866658,0.0231105701333422
"1662013","AES",6,0.18906003,"rz.mc_1662013.asc","2013-06-15",NA,0.235034794569708,0.274972537727422,2013,166,0.255003666148565,0.0659436361485648
"1662013","OD",6,0.2355839,"rz.mc_1662013.asc","2013-06-15",0.179867742458544,0.230454240114258,0.23082718157411,2013,166,0.21371638804897,0.0218675119510296
"1672012","OD",6,0.31323442,"rz.mc_1672012.asc","2012-06-15",0.314500436783556,0.308743938414378,0.263432546036694,2012,167,0.295558973744876,0.017675446255124
"1702014","AES",6,0.20286742,"rz.mc_1702014.asc","2014-06-19",NA,0.183005598414955,0.248089107760562,2014,170,0.215547353087759,0.0126799330877585
"1702014","OD",6,0.26230859,"rz.mc_1702014.asc","2014-06-19",0.17384713970945,0.293572726443957,0.294216191221482,2014,170,0.25387868579163,0.00842990420837031
"1772011","AES",6,0.20851428,"rz.mc_1772011.asc","2011-06-26",NA,NA,NA,2011,177,NA,NA
"1772012","AES",6,0.18050729,"rz.mc_1772012.asc","2012-06-25",NA,0.347029044327641,0.266826968834171,2012,177,0.306928006580906,0.126420716580906
"1772012","OD",6,0.27089041,"rz.mc_1772012.asc","2012-06-25",0.279272332528979,0.250879650074192,0.271749799733637,2012,177,0.267300594112269,0.00358981588773061
"1782013","OD",6,0.25987615,"rz.mc_1782013.asc","2013-06-27",0.180424061307056,0.218825278038162,0.225566469221202,2013,178,0.208271936188806,0.0516042138111936
"1802013","AES",6,0.19042337,"rz.mc_1802013.asc","2013-06-29",NA,0.203269362746727,0.264952673077525,2013,180,0.234111017912126,0.043687647912126
"1852013","OD",6,0.23140764,"rz.mc_1852013.asc","2013-07-04",0.181140998446309,0.205824272976623,0.229045715826909,2013,185,0.205336995749947,0.0260706442500526
"1862011","OD",6,0.22195383,"rz.mc_1862011.asc","2011-07-05",NA,NA,NA,2011,186,NA,NA
"1882012","AES",6,0.18136401,"rz.mc_1882012.asc","2012-07-06",NA,0.345534310613489,0.267201355573211,2012,188,0.30636783309335,0.12500382309335
"1882014","OD",6,0.22013823,"rz.mc_1882014.asc","2014-07-07",0.179473426809586,0.26956054466491,0.253448086366343,2014,188,0.234160685946946,0.0140224559469463
"1892013","AES",6,0.16631472,"rz.mc_1892013.asc","2013-07-08",NA,0.177206698904147,0.234188003786489,2013,189,0.205697351345318,0.0393826313453182
"1892014","AES",6,0.16397436,"rz.mc_1892014.asc","2014-07-08",NA,0.133986180968605,0.145950483333086,2014,189,0.139968332150845,0.0240060278491547
"1902011","AES",6,0.16696072,"rz.mc_1902011.asc","2011-07-09",NA,NA,NA,2011,190,NA,NA
"1922012","OD",6,0.2398782,"rz.mc_1922012.asc","2012-07-10",0.249682756866305,0.227797062559492,0.242090343929347,2012,192,0.239856721118381,2.14788816185751e-05
"1922014","OD",6,0.21360692,"rz.mc_1922014.asc","2014-07-11",0.179403612995966,0.249779520441939,0.233283918071454,2014,192,0.22082235050312,0.00721543050311954
"1952012","AES",6,0.1731363,"rz.mc_1952012.asc","2012-07-13",NA,0.342029955788871,0.264577105307762,2012,195,0.303303530548316,0.130167230548316
"1962011","OD",6,0.2125135,"rz.mc_1962011.asc","2011-07-15",NA,NA,NA,2011,196,NA,NA
"1962013","OD",6,0.21244816,"rz.mc_1962013.asc","2013-07-15",0.157265966592011,0.184282034657056,0.218256436332885,2013,196,0.186601479193984,0.025846680806016
"1972012","OD",6,0.22990766,"rz.mc_1972012.asc","2012-07-15",0.234203681765843,0.21913373792511,0.228164604579743,2012,197,0.227167341423566,0.0027403185764345
"2052013","OD",6,0.20909982,"rz.mc_2052013.asc","2013-07-24",0.159589638111682,0.182084595003277,0.218876838322453,2013,205,0.186850357145804,0.022249462854196
"2062014","AES",6,0.16249283,"rz.mc_2062014.asc","2014-07-25",NA,0.129017887902541,NA,2014,206,0.129017887902541,0.0334749420974592
"2082013","AES",6,0.15832786,"rz.mc_2082013.asc","2013-07-27",NA,0.150889711893085,0.152637832396184,2013,208,0.151763772144634,0.0065640878553655
"2122011","AES",6,0.16192182,"rz.mc_2122011.asc","2011-07-31",NA,NA,NA,2011,212,NA,NA
"2132012","OD",6,0.21413992,"rz.mc_2132012.asc","2012-07-31",0.208360903514647,0.209378970992845,0.170383616377512,2012,213,0.196041163628335,0.0180987563716655
"2152011","OD",6,0.20578346,"rz.mc_2152011.asc","2011-08-03",NA,NA,NA,2011,215,NA,NA
"2172012","OD",6,0.20979606,"rz.mc_2172012.asc","2012-08-04",0.206407343315986,0.210116210454032,0.1855860563634,2012,217,0.200703203377806,0.00909285662219372
"1342014","AES",7,0.29158761,"rz.mc_1342014.asc","2014-05-14",0.311946467795864,0.341555103033196,0.383639183191904,2014,134,0.345713584673655,0.0541259746736545
"1502014","OD",7,0.3098928,"rz.mc_1502014.asc","2014-05-30",0.247431667127455,0.340000047593513,0.311182142040598,2014,150,0.299537952253855,0.0103548477461445
"1552014","AES",7,0.22826537,"rz.mc_1552014.asc","2014-06-04",0.285040074345354,0.322841182668062,0.37667763613098,2014,155,0.328186297714799,0.0999209277147989
"1592013","AES",7,0.21986586,"rz.mc_1592013.asc","2013-06-08",0.265072710101531,0.319974979231578,0.391152669245641,2013,159,0.32540011952625,0.10553425952625
"1652012","OD",7,0.32330122,"rz.mc_1652012.asc","2012-06-13",0.207477798264088,0.353475483960004,0.40966571271681,2012,165,0.323539664980301,0.000238444980300567
"1662013","AES",7,0.19064235,"rz.mc_1662013.asc","2013-06-15",0.214781496450877,0.261940828893783,0.376041898113955,2013,166,0.284254741152872,0.0936123911528716
"1662013","OD",7,0.23917974,"rz.mc_1662013.asc","2013-06-15",0.187952660140249,0.256370754470568,NA,2013,166,0.222161707305409,0.0170180326945913
"1672012","OD",7,0.31433828,"rz.mc_1672012.asc","2012-06-15",0.200756417654109,0.333342004562796,0.407369297062093,2012,167,0.313822573092999,0.000515706907000701
"1702014","AES",7,0.20336051,"rz.mc_1702014.asc","2014-06-19",0.239870151810898,0.240874187713,0.342800432279743,2014,170,0.274514923934547,0.0711544139345471
"1702014","OD",7,0.26921787,"rz.mc_1702014.asc","2014-06-19",0.209437472687027,0.313094118107451,0.306765565904034,2014,170,0.276432385566171,0.00721451556617059
"1772011","AES",7,0.20699852,"rz.mc_1772011.asc","2011-06-26",NA,NA,NA,2011,177,NA,NA
"1772012","AES",7,0.18445077,"rz.mc_1772012.asc","2012-06-25",0.283520035202908,0.317574787741072,0.36707099596,2012,177,0.32272193963466,0.13827116963466
"1772012","OD",7,0.27143517,"rz.mc_1772012.asc","2012-06-25",0.18449876859798,0.244767083656694,0.389870933653885,2012,177,0.273045595302853,0.00161042530285321
"1782013","OD",7,0.26321143,"rz.mc_1782013.asc","2013-06-27",0.204977550244327,0.227239339305158,NA,2013,178,0.216108444774743,0.0471029852252574
"1802013","AES",7,0.19189901,"rz.mc_1802013.asc","2013-06-29",0.197403936550156,0.226425080270424,0.34279988551015,2013,180,0.255542967443577,0.0636439574435766
"1852013","OD",7,0.23422965,"rz.mc_1852013.asc","2013-07-04",0.186595655888332,0.219385701906241,NA,2013,185,0.202990678897286,0.0312389711027138
"1862011","OD",7,0.22394371,"rz.mc_1862011.asc","2011-07-05",NA,NA,NA,2011,186,NA,NA
"1882012","AES",7,0.18471539,"rz.mc_1882012.asc","2012-07-06",0.250351340518015,0.28942936882995,0.341465405931172,2012,188,0.293748705093046,0.109033315093046
"1882014","OD",7,0.22392549,"rz.mc_1882014.asc","2014-07-07",0.21400284530337,0.245860180976741,NA,2014,188,0.229931513140056,0.00600602314005555
"1892013","AES",7,0.16815635,"rz.mc_1892013.asc","2013-07-08",0.182259817736299,0.215083954057902,0.269321419228493,2013,189,0.222221730340898,0.0540653803408979
"1892014","AES",7,0.16575252,"rz.mc_1892014.asc","2014-07-08",0.216420800674707,0.204128225733766,0.274439491705304,2014,189,0.231662839371259,0.065910319371259
"1902011","AES",7,0.16792208,"rz.mc_1902011.asc","2011-07-09",NA,NA,NA,2011,190,NA,NA
"1922012","OD",7,0.24100004,"rz.mc_1922012.asc","2012-07-10",0.194670683247515,0.226166914927357,0.353926869284504,2012,192,0.258254822486459,0.0172547824864586
"1922014","OD",7,0.2160564,"rz.mc_1922014.asc","2014-07-11",0.213946195852805,0.240843042673371,NA,2014,192,0.227394619263088,0.0113382192630884
"1952012","AES",7,0.1760215,"rz.mc_1952012.asc","2012-07-13",0.225467092226829,0.257677758152957,0.310768165899899,2012,195,0.264637672093228,0.0886161720932284
"1962011","OD",7,0.21277071,"rz.mc_1962011.asc","2011-07-15",NA,NA,NA,2011,196,NA,NA
"1962013","OD",7,0.21349018,"rz.mc_1962013.asc","2013-07-15",0.172713251298872,0.195049232814783,NA,2013,196,0.183881242056827,0.0296089379431727
"1972012","OD",7,0.23102358,"rz.mc_1972012.asc","2012-07-15",0.186803572845646,0.213400415542026,0.338358422792124,2012,197,0.246187470393265,0.0151638903932651
"2052013","OD",7,0.20939743,"rz.mc_2052013.asc","2013-07-24",0.168447288060836,0.185802870160291,NA,2013,205,0.177125079110563,0.0322723508894365
"2062014","AES",7,0.1648297,"rz.mc_2062014.asc","2014-07-25",0.179499584295995,0.188841884390167,0.182926795479392,2014,206,0.183756088055185,0.0189263880551848
"2082013","AES",7,0.1608026,"rz.mc_2082013.asc","2013-07-27",0.169466911154368,0.196527492048582,0.176499313623783,2013,208,0.180831238942244,0.0200286389422444
"2122011","AES",7,0.16411297,"rz.mc_2122011.asc","2011-07-31",NA,NA,NA,2011,212,NA,NA
"2132012","OD",7,0.21459602,"rz.mc_2132012.asc","2012-07-31",0.180376234461974,0.190380098150749,0.299291119692467,2012,213,0.223349150768397,0.00875313076839651
"2152011","OD",7,0.20538153,"rz.mc_2152011.asc","2011-08-03",NA,NA,NA,2011,215,NA,NA
"2172012","OD",7,0.20990723,"rz.mc_2172012.asc","2012-08-04",0.175526867935031,0.187902836642507,0.290436575632451,2012,217,0.217955426736663,0.00804819673666315
"1342014","AES",8,0.28363905,"rz.mc_1342014.asc","2014-05-14",NA,NA,NA,2014,134,NA,NA
"1552014","AES",8,0.21613129,"rz.mc_1552014.asc","2014-06-04",NA,NA,NA,2014,155,NA,NA
"1592013","AES",8,0.20656859,"rz.mc_1592013.asc","2013-06-08",NA,NA,NA,2013,159,NA,NA
"1662013","AES",8,0.17841729,"rz.mc_1662013.asc","2013-06-15",NA,NA,NA,2013,166,NA,NA
"1702014","AES",8,0.19316072,"rz.mc_1702014.asc","2014-06-19",NA,NA,NA,2014,170,NA,NA
"1772011","AES",8,0.19300232,"rz.mc_1772011.asc","2011-06-26",NA,NA,NA,2011,177,NA,NA
"1772012","AES",8,0.17126137,"rz.mc_1772012.asc","2012-06-25",NA,NA,NA,2012,177,NA,NA
"1802013","AES",8,0.18189813,"rz.mc_1802013.asc","2013-06-29",NA,NA,NA,2013,180,NA,NA
"1882012","AES",8,0.17343603,"rz.mc_1882012.asc","2012-07-06",NA,NA,NA,2012,188,NA,NA
"1892013","AES",8,0.16128632,"rz.mc_1892013.asc","2013-07-08",NA,NA,NA,2013,189,NA,NA
"1892014","AES",8,0.15993739,"rz.mc_1892014.asc","2014-07-08",NA,NA,NA,2014,189,NA,NA
"1902011","AES",8,0.16069062,"rz.mc_1902011.asc","2011-07-09",NA,NA,NA,2011,190,NA,NA
"1952012","AES",8,0.16684907,"rz.mc_1952012.asc","2012-07-13",NA,NA,NA,2012,195,NA,NA
"2062014","AES",8,0.16012893,"rz.mc_2062014.asc","2014-07-25",NA,NA,NA,2014,206,NA,NA
"2082013","AES",8,0.15615642,"rz.mc_2082013.asc","2013-07-27",NA,NA,NA,2013,208,NA,NA
"2122011","AES",8,0.1590995,"rz.mc_2122011.asc","2011-07-31",NA,NA,NA,2011,212,NA,NA
"1342014","AES",9,0.29625932,"rz.mc_1342014.asc","2014-05-14",NA,NA,NA,2014,134,NA,NA
"1502014","OD",9,0.30731115,"rz.mc_1502014.asc","2014-05-30",0.224566872485979,0.275837232572089,0.29379736779176,2014,150,0.264733824283276,0.0425773257167242
"1552014","AES",9,0.23539134,"rz.mc_1552014.asc","2014-06-04",NA,NA,NA,2014,155,NA,NA
"1592013","AES",9,0.22804568,"rz.mc_1592013.asc","2013-06-08",NA,NA,NA,2013,159,NA,NA
"1652012","OD",9,0.34289013,"rz.mc_1652012.asc","2012-06-13",0.245622712021783,0.3066568110405,0.314427862040848,2012,165,0.288902461701043,0.0539876682989568
"1662013","AES",9,0.19825222,"rz.mc_1662013.asc","2013-06-15",NA,NA,NA,2013,166,NA,NA
"1662013","OD",9,0.2390042,"rz.mc_1662013.asc","2013-06-15",0.269094563187305,0.283915531267036,0.285505278062745,2013,166,0.279505124172362,0.0405009241723622
"1672012","OD",9,0.332786,"rz.mc_1672012.asc","2012-06-15",0.24469676421116,0.303417581749398,0.313946024660872,2012,167,0.28735345687381,0.0454325431261898
"1702014","AES",9,0.20975502,"rz.mc_1702014.asc","2014-06-19",NA,NA,NA,2014,170,NA,NA
"1702014","OD",9,0.26704168,"rz.mc_1702014.asc","2014-06-19",0.188854095708009,0.236409554290429,0.275839944249339,2014,170,0.233701198082592,0.0333404819174077
"1772011","AES",9,0.20999982,"rz.mc_1772011.asc","2011-06-26",NA,NA,NA,2011,177,NA,NA
"1772012","AES",9,0.1915422,"rz.mc_1772012.asc","2012-06-25",NA,NA,NA,2012,177,NA,NA
"1772012","OD",9,0.28483364,"rz.mc_1772012.asc","2012-06-25",0.232473511611193,0.270613858452052,0.303632277750741,2012,177,0.268906549271329,0.0159270907286713
"1782013","OD",9,0.26406012,"rz.mc_1782013.asc","2013-06-27",0.257783736006345,0.258769360073111,0.272773604254453,2013,178,0.263108900111303,0.000951219888697286
"1802013","AES",9,0.19832272,"rz.mc_1802013.asc","2013-06-29",NA,NA,NA,2013,180,NA,NA
"1852013","OD",9,0.23608108,"rz.mc_1852013.asc","2013-07-04",0.255286995899729,0.241849036004113,0.253922798660688,2013,185,0.25035294352151,0.0142718635215102
"1862011","OD",9,0.22767963,"rz.mc_1862011.asc","2011-07-05",NA,NA,NA,2011,186,NA,NA
"1882012","AES",9,0.19099693,"rz.mc_1882012.asc","2012-07-06",NA,NA,NA,2012,188,NA,NA
"1882014","OD",9,0.22632826,"rz.mc_1882014.asc","2014-07-07",0.195573423425184,0.207012982926056,0.199314887051749,2014,188,0.200633764467663,0.0256944955323369
"1892013","AES",9,0.1714768,"rz.mc_1892013.asc","2013-07-08",NA,NA,NA,2013,189,NA,NA
"1892014","AES",9,0.16775776,"rz.mc_1892014.asc","2014-07-08",NA,NA,NA,2014,189,NA,NA
"1902011","AES",9,0.16927053,"rz.mc_1902011.asc","2011-07-09",NA,NA,NA,2011,190,NA,NA
"1922012","OD",9,0.2490984,"rz.mc_1922012.asc","2012-07-10",0.226758834843103,0.252316318033424,0.264067826731097,2012,192,0.247714326535875,0.00138407346412528
"1922014","OD",9,0.2219919,"rz.mc_1922014.asc","2014-07-11",0.194965237765758,0.205079047195085,0.198314138370437,2014,192,0.199452807777093,0.0225390922229068
"1952012","AES",9,0.18089474,"rz.mc_1952012.asc","2012-07-13",NA,NA,NA,2012,195,NA,NA
"1962011","OD",9,0.22034794,"rz.mc_1962011.asc","2011-07-15",NA,NA,NA,2011,196,NA,NA
"1962013","OD",9,0.21955097,"rz.mc_1962013.asc","2013-07-15",0.229581217745995,0.219296129227335,0.220245708412024,2013,196,0.223041018461785,0.00349004846178466
"1972012","OD",9,0.23807085,"rz.mc_1972012.asc","2012-07-15",0.222837011778805,0.248190812682395,0.249332142949066,2012,197,0.240119989136756,0.0020491391367555
"2052013","OD",9,0.21474038,"rz.mc_2052013.asc","2013-07-24",0.225123077610168,0.214934473791392,0.208725562209588,2013,205,0.216261037870383,0.00152065787038275
"2062014","AES",9,0.16476559,"rz.mc_2062014.asc","2014-07-25",NA,NA,NA,2014,206,NA,NA
"2082013","AES",9,0.16064259,"rz.mc_2082013.asc","2013-07-27",NA,NA,NA,2013,208,NA,NA
"2122011","AES",9,0.16407047,"rz.mc_2122011.asc","2011-07-31",NA,NA,NA,2011,212,NA,NA
"2132012","OD",9,0.21709584,"rz.mc_2132012.asc","2012-07-31",0.219857449519592,0.234511386745976,0.217155789055876,2012,213,0.223841541773814,0.00674570177381445
"2152011","OD",9,0.21456095,"rz.mc_2152011.asc","2011-08-03",NA,NA,NA,2011,215,NA,NA
"2172012","OD",9,0.21428526,"rz.mc_2172012.asc","2012-08-04",0.212380472973019,0.233934782840435,0.213594739249583,2012,217,0.219969998354346,0.00568473835434591
"1342014","AES",10,0.29680489,"rz.mc_1342014.asc","2014-05-14",0.318926734210581,0.297282867926513,0.303203504412359,2014,134,0.306471035516484,0.00966614551648448
"1502014","OD",10,0.30069125,"rz.mc_1502014.asc","2014-05-30",0.237068705719167,0.291951698756327,0.271699741203227,2014,150,0.26690671522624,0.0337845347737596
"1552014","AES",10,0.2297949,"rz.mc_1552014.asc","2014-06-04",0.260199751698563,0.273903823394265,0.302528412138425,2014,155,0.278877329077084,0.0490824290770843
"1592013","AES",10,0.21998592,"rz.mc_1592013.asc","2013-06-08",0.171720908104058,0.272071995191493,0.303877051546268,2013,159,0.249223318280606,0.0292373982806063
"1652012","OD",10,0.32165755,"rz.mc_1652012.asc","2012-06-13",0.22905659289786,NA,NA,2012,165,0.22905659289786,0.0926009571021402
"1662013","AES",10,0.19047729,"rz.mc_1662013.asc","2013-06-15",0.149945679635143,0.216828024485766,0.299810239257465,2013,166,0.222194647792791,0.031717357792791
"1662013","OD",10,0.2423922,"rz.mc_1662013.asc","2013-06-15",0.190978783164187,0.284663046362516,0.276224513429569,2013,166,0.250622114318757,0.00822991431875736
"1672012","OD",10,0.31256304,"rz.mc_1672012.asc","2012-06-15",0.223614519297848,NA,NA,2012,167,0.223614519297848,0.0889485207021517
"1702014","AES",10,0.20460595,"rz.mc_1702014.asc","2014-06-19",0.177587125114633,0.198151758957049,0.292417701495011,2014,170,0.222718861855564,0.0181129118555644
"1702014","OD",10,0.26352667,"rz.mc_1702014.asc","2014-06-19",0.170291946209577,0.266786379282391,0.268259354882735,2014,170,0.235112560124901,0.0284141098750992
"1772011","AES",10,0.2091389,"rz.mc_1772011.asc","2011-06-26",NA,NA,NA,2011,177,NA,NA
"1772012","AES",10,0.18115834,"rz.mc_1772012.asc","2012-06-25",0.189231251164547,0.240829759044389,0.299810239257465,2012,177,0.2432904164888,0.0621320764888002
"1772012","OD",10,0.26991824,"rz.mc_1772012.asc","2012-06-25",0.203543421485407,NA,NA,2012,177,0.203543421485407,0.0663748185145932
"1782013","OD",10,0.26655699,"rz.mc_1782013.asc","2013-06-27",0.186131802405248,0.273049990540868,0.273670674040674,2013,178,0.244284155662263,0.0222728343377367
"1802013","AES",10,0.19217205,"rz.mc_1802013.asc","2013-06-29",0.161874189298854,0.201519767591963,0.280197376379401,2013,180,0.214530444423406,0.0223583944234061
"1852013","OD",10,0.23798842,"rz.mc_1852013.asc","2013-07-04",0.189085013668566,0.265432145211774,0.271684250122265,2013,185,0.242067136334202,0.00407871633420195
"1862011","OD",10,0.22630724,"rz.mc_1862011.asc","2011-07-05",NA,NA,NA,2011,186,NA,NA
"1882012","AES",10,0.18249726,"rz.mc_1882012.asc","2012-07-06",0.184393999899645,0.227301154056173,0.290536489332965,2012,188,0.234077214429594,0.051579954429594
"1882014","OD",10,0.22544333,"rz.mc_1882014.asc","2014-07-07",0.175897086412675,0.218588113411389,0.254743953781752,2014,188,0.216409717868605,0.00903361213139459
"1892013","AES",10,0.16891082,"rz.mc_1892013.asc","2013-07-08",0.148945305682454,0.197476138422011,0.260167520228619,2013,189,0.202196321444361,0.0332855014443609
"1892014","AES",10,0.16689959,"rz.mc_1892014.asc","2014-07-08",0.152938633671996,0.185909651044351,0.257004216650302,2014,189,0.198617500455549,0.0317179104555493
"1902011","AES",10,0.16923162,"rz.mc_1902011.asc","2011-07-09",NA,NA,NA,2011,190,NA,NA
"1922012","OD",10,0.24254288,"rz.mc_1922012.asc","2012-07-10",0.182313878376994,0.282184303707466,0.277083393597327,2012,192,0.247193858560596,0.00465097856059565
"1922014","OD",10,0.22185615,"rz.mc_1922014.asc","2014-07-11",0.175609877515432,0.217139923401678,0.211047219969418,2014,192,0.201265673628843,0.0205904763711573
"1952012","AES",10,0.1749067,"rz.mc_1952012.asc","2012-07-13",0.15890345854821,0.208877287387933,0.267934422747219,2012,195,0.211905056227788,0.0369983562277877
"1962011","OD",10,0.22051737,"rz.mc_1962011.asc","2011-07-15",NA,NA,NA,2011,196,NA,NA
"1962013","OD",10,0.22014117,"rz.mc_1962013.asc","2013-07-15",0.171158661344703,0.231946244709371,0.245315460271758,2013,196,0.216140122108611,0.00400104789138928
"1972012","OD",10,0.23415043,"rz.mc_1972012.asc","2012-07-15",0.175505738901343,0.26345494670905,0.271300206025909,2012,197,0.236753630545434,0.0026032005454337
"2052013","OD",10,0.21515439,"rz.mc_2052013.asc","2013-07-24",0.167288225416384,0.218257698345834,0.218337319232861,2013,205,0.201294414331693,0.0138599756683071
"2062014","AES",10,0.16593546,"rz.mc_2062014.asc","2014-07-25",0.126776201478737,0.183765142485619,0.256473883044888,2014,206,0.189005075669748,0.0230696156697481
"2082013","AES",10,0.1618061,"rz.mc_2082013.asc","2013-07-27",0.146944557777075,0.189328745725479,0.254877441739474,2013,208,0.19705024841401,0.0352441484140096
"2122011","AES",10,0.16525252,"rz.mc_2122011.asc","2011-07-31",NA,NA,NA,2011,212,NA,NA
"2132012","OD",10,0.21759557,"rz.mc_2132012.asc","2012-07-31",0.174486894568989,0.24494287243652,0.235531307308405,2012,213,0.218320358104638,0.000724788104637913
"2152011","OD",10,0.21481639,"rz.mc_2152011.asc","2011-08-03",NA,NA,NA,2011,215,NA,NA
"2172012","OD",10,0.21472875,"rz.mc_2172012.asc","2012-08-04",0.174408536475615,0.244084674664762,0.229576847848677,2012,217,0.216023352996351,0.00129460299635145
"1342014","AES",11,0.2962129,"rz.mc_1342014.asc","2014-05-14",0.343199436629055,0.344866191012194,0.288083514139194,2014,134,0.325383047260148,0.0291701472601477
"1502014","OD",11,0.31344896,"rz.mc_1502014.asc","2014-05-30",0.214793002473303,0.421952059063039,NA,2014,150,0.318372530768171,0.00492357076817074
"1552014","AES",11,0.23235809,"rz.mc_1552014.asc","2014-06-04",0.280908773529058,0.326438813441765,0.282332381132158,2014,155,0.29655998936766,0.0642018993676605
"1592013","AES",11,0.22340439,"rz.mc_1592013.asc","2013-06-08",0.313022680884843,0.330310686588059,0.300528717198414,2013,159,0.314620694890439,0.0912163048904387
"1652012","OD",11,0.34040493,"rz.mc_1652012.asc","2012-06-13",0.28950343586896,0.426955220892544,NA,2012,165,0.358229328380752,0.0178243983807521
"1662013","AES",11,0.19387186,"rz.mc_1662013.asc","2013-06-15",0.263611883505737,0.306019016199327,0.298076901293359,2013,166,0.289235933666141,0.0953640736661409
"1662013","OD",11,0.24452065,"rz.mc_1662013.asc","2013-06-15",0.224480380733084,0.304264831896526,NA,2013,166,0.264372606314805,0.0198519563148052
"1672012","OD",11,0.33146148,"rz.mc_1672012.asc","2012-06-15",0.281467749271809,0.420864990036768,NA,2012,167,0.351166369654289,0.0197048896542886
"1702014","AES",11,0.20679202,"rz.mc_1702014.asc","2014-06-19",0.192448543545789,0.195591973154818,0.274186544312057,2014,170,0.220742353670888,0.013950333670888
"1702014","OD",11,0.27407985,"rz.mc_1702014.asc","2014-06-19",0.152767650162958,0.37848955934192,NA,2014,170,0.265628604752439,0.00845124524756097
"1772011","AES",11,0.21471079,"rz.mc_1772011.asc","2011-06-26",NA,NA,NA,2011,177,NA,NA
"1772012","AES",11,0.18734172,"rz.mc_1772012.asc","2012-06-25",0.235820600411133,0.288362548485087,0.269209042996487,2012,177,0.264464063964236,0.0771223439642356
"1772012","OD",11,0.28933799,"rz.mc_1772012.asc","2012-06-25",0.229515526516776,0.361605824658863,NA,2012,177,0.295560675587819,0.00622268558781913
"1782013","OD",11,0.26786359,"rz.mc_1782013.asc","2013-06-27",0.21417481843712,0.285057613737397,NA,2013,178,0.249616216087259,0.0182473739127414
"1802013","AES",11,0.19458737,"rz.mc_1802013.asc","2013-06-29",0.217598469167052,0.238406324822473,0.259051227956743,2013,180,0.238352007315422,0.0437646373154224
"1852013","OD",11,0.23804015,"rz.mc_1852013.asc","2013-07-04",0.213450444710193,0.2778319773456,NA,2013,185,0.245641211027896,0.00760106102789648
"1862011","OD",11,0.22933913,"rz.mc_1862011.asc","2011-07-05",NA,NA,NA,2011,186,NA,NA
"1882012","AES",11,0.18723922,"rz.mc_1882012.asc","2012-07-06",0.199820412102112,0.258708278165837,0.262807136023053,2012,188,0.240445275430334,0.053206055430334
"1882014","OD",11,0.22719674,"rz.mc_1882014.asc","2014-07-07",0.15953221197673,0.356858051846656,NA,2014,188,0.258195131911693,0.0309983919116933
"1892013","AES",11,0.16965258,"rz.mc_1892013.asc","2013-07-08",0.148713078902695,0.15647983710392,0.219382706681702,2013,189,0.174858540896106,0.00520596089610553
"1892014","AES",11,0.1668704,"rz.mc_1892014.asc","2014-07-08",0.114605066333568,0.12259552409137,NA,2014,189,0.118600295212469,0.0482701047875309
"1902011","AES",11,0.17111809,"rz.mc_1902011.asc","2011-07-09",NA,NA,NA,2011,190,NA,NA
"1922012","OD",11,0.25546368,"rz.mc_1922012.asc","2012-07-10",0.205068667704727,0.307132682156965,NA,2012,192,0.256100674930846,0.000636994930845847
"1922014","OD",11,0.21830135,"rz.mc_1922014.asc","2014-07-11",0.156706840145132,0.356429248658815,NA,2014,192,0.256568044401974,0.0382666944019738
"1952012","AES",11,0.17808045,"rz.mc_1952012.asc","2012-07-13",0.150431171721993,0.212412279656154,0.258020014014183,2012,195,0.20695448846411,0.0288740384641102
"1962011","OD",11,0.21413312,"rz.mc_1962011.asc","2011-07-15",NA,NA,NA,2011,196,NA,NA
"1962013","OD",11,0.21500288,"rz.mc_1962013.asc","2013-07-15",0.193364779421992,0.260214820036903,NA,2013,196,0.226789799729447,0.0117869197294472
"1972012","OD",11,0.24295875,"rz.mc_1972012.asc","2012-07-15",0.192316426016209,0.291171363866796,NA,2012,197,0.241743894941503,0.00121485505849711
"2052013","OD",11,0.20989117,"rz.mc_2052013.asc","2013-07-24",0.1893588815741,0.245053702121901,NA,2013,205,0.217206291848001,0.00731512184800076
"2062014","AES",11,0.16508276,"rz.mc_2062014.asc","2014-07-25",0.0911917218704109,0.107963364333913,0.195273436014624,2014,206,0.131476174072983,0.0336065859270173
"2082013","AES",11,0.16095951,"rz.mc_2082013.asc","2013-07-27",0.111934682930227,0.127365169449094,0.207878896832889,2013,208,0.149059583070737,0.0118999269292634
"2122011","AES",11,0.16471603,"rz.mc_2122011.asc","2011-07-31",NA,NA,NA,2011,212,NA,NA
"2132012","OD",11,0.21959119,"rz.mc_2132012.asc","2012-07-31",0.179113104976564,0.272717928873312,NA,2012,213,0.225915516924938,0.00632432692493812
"2152011","OD",11,0.205163,"rz.mc_2152011.asc","2011-08-03",NA,NA,NA,2011,215,NA,NA
"2172012","OD",11,0.21326686,"rz.mc_2172012.asc","2012-08-04",0.176328900768659,0.270791635838078,NA,2012,217,0.223560268303368,0.0102934083033682
"1342014","AES",12,0.29487892,"rz.mc_1342014.asc","2014-05-14",0.293874484988143,0.27732918238463,0.283519794503863,2014,134,0.284907820625545,0.00997109937445462
"1502014","OD",12,0.30574748,"rz.mc_1502014.asc","2014-05-30",0.253362067208376,0.27967007300669,0.305091062568327,2014,150,0.279374400927798,0.0263730790722023
"1552014","AES",12,0.22799064,"rz.mc_1552014.asc","2014-06-04",0.230418782463014,0.262632519270275,0.278982361797533,2014,155,0.257344554510274,0.0293539145102738
"1592013","AES",12,0.21803992,"rz.mc_1592013.asc","2013-06-08",0.282441255836485,0.278824469798399,0.28715845538841,2013,159,0.282808060341098,0.0647681403410981
"1652012","OD",12,0.32146895,"rz.mc_1652012.asc","2012-06-13",0.257462035552159,0.346087921080307,0.308588642416444,2012,165,0.30404619968297,0.0174227503170299
"1662013","AES",12,0.18857739,"rz.mc_1662013.asc","2013-06-15",0.231443205345849,0.251513499447345,0.282674392231602,2013,166,0.255210365674932,0.0666329756749321
"1662013","OD",12,0.2434148,"rz.mc_1662013.asc","2013-06-15",0.202654880188721,0.287948303332599,0.289441219483789,2013,166,0.260014801001703,0.0166000010017029
"1672012","OD",12,0.31239888,"rz.mc_1672012.asc","2012-06-15",0.24953860597908,0.345486661119427,0.308217022001043,2012,167,0.301080763033183,0.0113181169668166
"1702014","AES",12,0.20284316,"rz.mc_1702014.asc","2014-06-19",0.189024137436649,0.179908118769982,0.257431242063205,2014,170,0.208787832756612,0.0059446727566119
"1702014","OD",12,0.26700154,"rz.mc_1702014.asc","2014-06-19",NA,0.222737241603898,NA,2014,170,0.222737241603898,0.0442642983961022
"1772011","AES",12,0.20935449,"rz.mc_1772011.asc","2011-06-26",NA,NA,NA,2011,177,NA,NA
"1772012","AES",12,0.17867119,"rz.mc_1772012.asc","2012-06-25",0.247048906200928,0.263569197411454,0.280975423782473,2012,177,0.263864509131619,0.0851933191316186
"1772012","OD",12,0.26992046,"rz.mc_1772012.asc","2012-06-25",0.220315934317507,0.287774159509666,0.30744839730408,2012,177,0.271846163710417,0.0019257037104175
"1782013","OD",12,0.2674326,"rz.mc_1782013.asc","2013-06-27",0.208699629005046,0.255100543462841,0.277312772205451,2013,178,0.247037648224446,0.0203949517755543
"1802013","AES",12,0.19019506,"rz.mc_1802013.asc","2013-06-29",0.183951674098407,0.209624123924838,0.256820599903176,2013,180,0.216798799308807,0.0266037393088071
"1852013","OD",12,0.23862854,"rz.mc_1852013.asc","2013-07-04",0.202914729470909,0.232172118112279,0.262215492281683,2013,185,0.23243411328829,0.00619442671170994
"1862011","OD",12,0.22683654,"rz.mc_1862011.asc","2011-07-05",NA,NA,NA,2011,186,NA,NA
"1882012","AES",12,0.18002833,"rz.mc_1882012.asc","2012-07-06",0.233693779067343,0.247621957096862,0.269414636942662,2012,188,0.250243457702289,0.070215127702289
"1882014","OD",12,0.22304721,"rz.mc_1882014.asc","2014-07-07",0.195714609128841,0.208451918166412,0.227014830386794,2014,188,0.210393785894016,0.0126534241059842
"1892013","AES",12,0.16651035,"rz.mc_1892013.asc","2013-07-08",0.174713212462151,0.179523963210735,0.196188229964575,2013,189,0.183475135212487,0.0169647852124869
"1892014","AES",12,0.16436138,"rz.mc_1892014.asc","2014-07-08",0.182932639608727,0.163489471202551,0.181246402818976,2014,189,0.175889504543418,0.0115281245434181
"1902011","AES",12,0.16754018,"rz.mc_1902011.asc","2011-07-09",NA,NA,NA,2011,190,NA,NA
"1922012","OD",12,0.24595395,"rz.mc_1922012.asc","2012-07-10",0.190842580756416,0.224542758502353,0.307472086606969,2012,192,0.240952475288579,0.00500147471142082
"1922014","OD",12,0.21615721,"rz.mc_1922014.asc","2014-07-11",0.196687463593217,0.208168739001452,0.2254143678643,2014,192,0.21009019015299,0.00606701984700997
"1952012","AES",12,0.17233911,"rz.mc_1952012.asc","2012-07-13",0.211803157441875,0.223392420302947,0.261673928651478,2012,195,0.232289835465434,0.0599507254654336
"1962011","OD",12,0.22064315,"rz.mc_1962011.asc","2011-07-15",NA,NA,NA,2011,196,NA,NA
"1962013","OD",12,0.21844854,"rz.mc_1962013.asc","2013-07-15",0.181430643729315,0.21476803379659,0.232313755397686,2013,196,0.209504144307864,0.00894439569213637
"1972012","OD",12,0.2321689,"rz.mc_1972012.asc","2012-07-15",0.176105903975871,0.206015159927039,0.307479983041265,2012,197,0.229867015648058,0.00230188435194165
"2052013","OD",12,0.21262027,"rz.mc_2052013.asc","2013-07-24",0.179797886644303,0.213699831524919,0.226900939202849,2013,205,0.206799552457357,0.00582071754264274
"2062014","AES",12,0.16306473,"rz.mc_2062014.asc","2014-07-25",0.156638318281855,0.159210964041405,0.175993720113619,2014,206,0.16394766747896,0.000882937478959817
"2082013","AES",12,0.15888785,"rz.mc_2082013.asc","2013-07-27",0.161117103696481,0.163489671731945,0.177522981181366,2013,208,0.167376585536597,0.00848873553659729
"2122011","AES",12,0.16252142,"rz.mc_2122011.asc","2011-07-31",NA,NA,NA,2011,212,NA,NA
"2132012","OD",12,0.21444565,"rz.mc_2132012.asc","2012-07-31",0.168145027001419,0.194275841547549,0.299134808409361,2012,213,0.22051855898611,0.0060729089861096
"2152011","OD",12,0.21484456,"rz.mc_2152011.asc","2011-08-03",NA,NA,NA,2011,215,NA,NA
"2172012","OD",12,0.21300594,"rz.mc_2172012.asc","2012-08-04",0.168413858958832,0.225838204717426,0.276454128024817,2012,217,0.223568730567025,0.0105627905670248
