NDRE_val,sensor,field,date,data
0.179453507065773,1,AES,2014-05-14,2014-05-14
0.18809770047664642,2,AES,2014-05-14,2014-05-14
0.2565315067768097,3,AES,2014-05-14,2014-05-14
0.15924189984798431,4,AES,2014-05-14,2014-05-14
0.22520019114017487,5,AES,2014-05-14,2014-05-14
0.22486354410648346,6,AES,2014-05-14,2014-05-14
0.18624843657016754,7,AES,2014-05-14,2014-05-14
0.16760574281215668,8,AES,2014-05-14,2014-05-14
0.1832660585641861,9,AES,2014-05-14,2014-05-14
0.19735181331634521,10,AES,2014-05-14,2014-05-14
0.18444912135601044,11,AES,2014-05-14,2014-05-14
0.19255416095256805,12,AES,2014-05-14,2014-05-14
999999,1,AES,2015-05-02,2015-05-02
999999,2,AES,2015-05-02,2015-05-02
999999,3,AES,2015-05-02,2015-05-02
999999,4,AES,2015-05-02,2015-05-02
999999,5,AES,2015-05-02,2015-05-02
999999,6,AES,2015-05-02,2015-05-02
999999,7,AES,2015-05-02,2015-05-02
999999,8,AES,2015-05-02,2015-05-02
999999,9,AES,2015-05-02,2015-05-02
999999,10,AES,2015-05-02,2015-05-02
999999,11,AES,2015-05-02,2015-05-02
999999,12,AES,2015-05-02,2015-05-02
0.6084653735160828,1,AES,2010-05-30,2010-05-30
0.6142033338546753,2,AES,2010-05-30,2010-05-30
0.5530139803886414,3,AES,2010-05-30,2010-05-30
0.5446109175682068,4,AES,2010-05-30,2010-05-30
0.5578319430351257,5,AES,2010-05-30,2010-05-30
0.601395845413208,6,AES,2010-05-30,2010-05-30
0.5148259997367859,7,AES,2010-05-30,2010-05-30
0.5483294725418091,8,AES,2010-05-30,2010-05-30
0.5155743956565857,9,AES,2010-05-30,2010-05-30
0.5916405320167542,10,AES,2010-05-30,2010-05-30
0.5268803238868713,11,AES,2010-05-30,2010-05-30
0.5885302424430847,12,AES,2010-05-30,2010-05-30
999999,1,AES,2012-06-15,2012-06-15
999999,2,AES,2012-06-15,2012-06-15
0.46268776059150696,3,AES,2012-06-15,2012-06-15
0.5282111167907715,4,AES,2012-06-15,2012-06-15
0.42315202951431274,5,AES,2012-06-15,2012-06-15
0.4111463725566864,6,AES,2012-06-15,2012-06-15
0.49353131651878357,7,AES,2012-06-15,2012-06-15
0.4801819622516632,8,AES,2012-06-15,2012-06-15
0.5679143071174622,9,AES,2012-06-15,2012-06-15
0.5973641276359558,10,AES,2012-06-15,2012-06-15
0.5634579658508301,11,AES,2012-06-15,2012-06-15
0.5055931210517883,12,AES,2012-06-15,2012-06-15
0.36169198155403137,1,AES,2013-06-15,2013-06-15
0.4862023591995239,2,AES,2013-06-15,2013-06-15
0.39899876713752747,3,AES,2013-06-15,2013-06-15
0.2680410146713257,4,AES,2013-06-15,2013-06-15
0.4386506974697113,5,AES,2013-06-15,2013-06-15
0.498942494392395,6,AES,2013-06-15,2013-06-15
0.3565117120742798,7,AES,2013-06-15,2013-06-15
0.32105502486228943,8,AES,2013-06-15,2013-06-15
0.30580830574035645,9,AES,2013-06-15,2013-06-15
0.4755651652812958,10,AES,2013-06-15,2013-06-15
0.4371987283229828,11,AES,2013-06-15,2013-06-15
0.5624967813491821,12,AES,2013-06-15,2013-06-15
0.420467734336853,1,AES,2014-06-19,2014-06-19
0.5428873896598816,2,AES,2014-06-19,2014-06-19
0.4843677580356598,3,AES,2014-06-19,2014-06-19
0.2855554521083832,4,AES,2014-06-19,2014-06-19
0.5083178281784058,5,AES,2014-06-19,2014-06-19
0.5194656848907471,6,AES,2014-06-19,2014-06-19
0.4326181411743164,7,AES,2014-06-19,2014-06-19
0.266806423664093,8,AES,2014-06-19,2014-06-19
0.3636307716369629,9,AES,2014-06-19,2014-06-19
0.44292151927948,10,AES,2014-06-19,2014-06-19
0.426090806722641,11,AES,2014-06-19,2014-06-19
0.4872298836708069,12,AES,2014-06-19,2014-06-19
0.2822718024253845,1,AES,2015-06-19,2015-06-19
0.3301679491996765,2,AES,2015-06-19,2015-06-19
0.5387090444564819,3,AES,2015-06-19,2015-06-19
0.2683422565460205,4,AES,2015-06-19,2015-06-19
0.49916601181030273,5,AES,2015-06-19,2015-06-19
0.455165833234787,6,AES,2015-06-19,2015-06-19
0.49875953793525696,7,AES,2015-06-19,2015-06-19
0.21469338238239288,8,AES,2015-06-19,2015-06-19
0.4659389555454254,9,AES,2015-06-19,2015-06-19
0.4228940010070801,10,AES,2015-06-19,2015-06-19
0.4948684871196747,11,AES,2015-06-19,2015-06-19
0.4698273837566376,12,AES,2015-06-19,2015-06-19
0.5314406156539917,1,AES,2010-06-24,2010-06-24
0.47914478182792664,2,AES,2010-06-24,2010-06-24
0.5782442092895508,3,AES,2010-06-24,2010-06-24
0.5060839653015137,4,AES,2010-06-24,2010-06-24
0.58756422996521,5,AES,2010-06-24,2010-06-24
0.5780336856842041,6,AES,2010-06-24,2010-06-24
0.6167846322059631,7,AES,2010-06-24,2010-06-24
0.5007346868515015,8,AES,2010-06-24,2010-06-24
0.5539001822471619,9,AES,2010-06-24,2010-06-24
0.54940032958984375,10,AES,2010-06-24,2010-06-24
0.5593221187591553,11,AES,2010-06-24,2010-06-24
0.5313493013381958,12,AES,2010-06-24,2010-06-24
0.5444875955581665,1,AES,2012-06-25,2012-06-25
0.5913752317428589,2,AES,2012-06-25,2012-06-25
0.5249912738800049,3,AES,2012-06-25,2012-06-25
0.4665532112121582,4,AES,2012-06-25,2012-06-25
0.5105985403060913,5,AES,2012-06-25,2012-06-25
0.48146870732307434,6,AES,2012-06-25,2012-06-25
0.5306128859519958,7,AES,2012-06-25,2012-06-25
0.41880863904953003,8,AES,2012-06-25,2012-06-25
0.5850368738174438,9,AES,2012-06-25,2012-06-25
0.5624509453773499,10,AES,2012-06-25,2012-06-25
0.5639069080352783,11,AES,2012-06-25,2012-06-25
0.5101101398468018,12,AES,2012-06-25,2012-06-25
0.15962092578411102,1,AES,2011-06-26,2011-06-26
0.1315404325723648,2,AES,2011-06-26,2011-06-26
0.48707088828086853,3,AES,2011-06-26,2011-06-26
0.16524645686149597,4,AES,2011-06-26,2011-06-26
0.5542145371437073,5,AES,2011-06-26,2011-06-26
0.5001435875892639,6,AES,2011-06-26,2011-06-26
0.4926287829875946,7,AES,2011-06-26,2011-06-26
0.3808337152004242,8,AES,2011-06-26,2011-06-26
0.34408944845199585,9,AES,2011-06-26,2011-06-26
0.5276774764060974,10,AES,2011-06-26,2011-06-26
0.41462525725364685,11,AES,2011-06-26,2011-06-26
0.5352234244346619,12,AES,2011-06-26,2011-06-26
0.2308480143547058,1,AES,2015-06-28,2015-06-28
0.2198517620563507,2,AES,2015-06-28,2015-06-28
0.38269123435020447,3,AES,2015-06-28,2015-06-28
0.21892577409744263,4,AES,2015-06-28,2015-06-28
0.31830790638923645,5,AES,2015-06-28,2015-06-28
0.2849390208721161,6,AES,2015-06-28,2015-06-28
0.3447508215904236,7,AES,2015-06-28,2015-06-28
0.1913166642189026,8,AES,2015-06-28,2015-06-28
0.2943837642669678,9,AES,2015-06-28,2015-06-28
0.22512109577655792,10,AES,2015-06-28,2015-06-28
0.26530951261520386,11,AES,2015-06-28,2015-06-28
0.25121012330055237,12,AES,2015-06-28,2015-06-28
0.39769527316093445,1,AES,2013-06-29,2013-06-29
0.5777356028556824,2,AES,2013-06-29,2013-06-29
0.45964252948760986,3,AES,2013-06-29,2013-06-29
0.2622551918029785,4,AES,2013-06-29,2013-06-29
0.5491586923599243,5,AES,2013-06-29,2013-06-29
0.5696126222610474,6,AES,2013-06-29,2013-06-29
0.5767974853515625,7,AES,2013-06-29,2013-06-29
0.29309096932411194,8,AES,2013-06-29,2013-06-29
0.45141106843948364,9,AES,2013-06-29,2013-06-29
0.5352767705917358,10,AES,2013-06-29,2013-06-29
0.548041582107544,11,AES,2013-06-29,2013-06-29
0.6621944308280945,12,AES,2013-06-29,2013-06-29
0.3617382347583771,1,AES,2014-06-04,2014-06-04
0.4541511833667755,2,AES,2014-06-04,2014-06-04
0.41337868571281433,3,AES,2014-06-04,2014-06-04
0.29801997542381287,4,AES,2014-06-04,2014-06-04
0.4205341935157776,5,AES,2014-06-04,2014-06-04
0.42389988899230957,6,AES,2014-06-04,2014-06-04
0.3458157181739807,7,AES,2014-06-04,2014-06-04
0.2635628879070282,8,AES,2014-06-04,2014-06-04
0.31363075971603394,9,AES,2014-06-04,2014-06-04
0.34889093041419983,10,AES,2014-06-04,2014-06-04
0.33951932191848755,11,AES,2014-06-04,2014-06-04
0.4361250400543213,12,AES,2014-06-04,2014-06-04
0.5395529866218567,1,AES,2015-06-05,2015-06-05
0.5112784504890442,2,AES,2015-06-05,2015-06-05
0.6111672520637512,3,AES,2015-06-05,2015-06-05
0.4069097340106964,4,AES,2015-06-05,2015-06-05
0.600121259689331,5,AES,2015-06-05,2015-06-05
0.6136367917060852,6,AES,2015-06-05,2015-06-05
0.5454672574996948,7,AES,2015-06-05,2015-06-05
0.43686947226524353,8,AES,2015-06-05,2015-06-05
0.48313164710998535,9,AES,2015-06-05,2015-06-05
0.5856976509094238,10,AES,2015-06-05,2015-06-05
0.5666947364807129,11,AES,2015-06-05,2015-06-05
0.5530532598495483,12,AES,2015-06-05,2015-06-05
0.3593759834766388,1,AES,2013-06-08,2013-06-08
0.46376413106918335,2,AES,2013-06-08,2013-06-08
0.3890652060508728,3,AES,2013-06-08,2013-06-08
0.2806059420108795,4,AES,2013-06-08,2013-06-08
0.42403990030288696,5,AES,2013-06-08,2013-06-08
0.44088900089263916,6,AES,2013-06-08,2013-06-08
0.3536568880081177,7,AES,2013-06-08,2013-06-08
0.30529913306236267,8,AES,2013-06-08,2013-06-08
0.32118821144104004,9,AES,2013-06-08,2013-06-08
0.41270509362220764,10,AES,2013-06-08,2013-06-08
0.42063820362091064,11,AES,2013-06-08,2013-06-08
0.5779123902320862,12,AES,2013-06-08,2013-06-08
0.17460671067237854,1,AES,2009-06-09,2009-06-09
0.14143644273281097,2,AES,2009-06-09,2009-06-09
0.3452891707420349,3,AES,2009-06-09,2009-06-09
0.14755414426326752,4,AES,2009-06-09,2009-06-09
0.37408384680747986,5,AES,2009-06-09,2009-06-09
0.3711661398410797,6,AES,2009-06-09,2009-06-09
0.37221285700798035,7,AES,2009-06-09,2009-06-09
0.29386526346206665,8,AES,2009-06-09,2009-06-09
0.2888452112674713,9,AES,2009-06-09,2009-06-09
0.3536120355129242,10,AES,2009-06-09,2009-06-09
0.33509957790374756,11,AES,2009-06-09,2009-06-09
0.37930718064308167,12,AES,2009-06-09,2009-06-09
0.2398526519536972,1,AES,2010-07-12,2010-07-12
0.26673319935798645,2,AES,2010-07-12,2010-07-12
0.37231117486953735,3,AES,2010-07-12,2010-07-12
0.21650773286819458,4,AES,2010-07-12,2010-07-12
0.37326347827911377,5,AES,2010-07-12,2010-07-12
0.3670833110809326,6,AES,2010-07-12,2010-07-12
0.42543232440948486,7,AES,2010-07-12,2010-07-12
0.2638927102088928,8,AES,2010-07-12,2010-07-12
0.3927704095840454,9,AES,2010-07-12,2010-07-12
0.28171098232269287,10,AES,2010-07-12,2010-07-12
0.3235812783241272,11,AES,2010-07-12,2010-07-12
0.3270685076713562,12,AES,2010-07-12,2010-07-12
0.2619352638721466,1,AES,2012-07-13,2012-07-13
0.32767438888549805,2,AES,2012-07-13,2012-07-13
0.40800026059150696,3,AES,2012-07-13,2012-07-13
0.2532939016819,4,AES,2012-07-13,2012-07-13
0.3709550201892853,5,AES,2012-07-13,2012-07-13
0.3677634596824646,6,AES,2012-07-13,2012-07-13
0.37646350264549255,7,AES,2012-07-13,2012-07-13
0.2605654299259186,8,AES,2012-07-13,2012-07-13
0.40744367241859436,9,AES,2012-07-13,2012-07-13
0.3453380763530731,10,AES,2012-07-13,2012-07-13
0.3775666058063507,11,AES,2012-07-13,2012-07-13
0.36792466044425964,12,AES,2012-07-13,2012-07-13
0.20280879735946655,1,AES,2010-07-18,2010-07-18
0.20677408576011658,2,AES,2010-07-18,2010-07-18
0.37400612235069275,3,AES,2010-07-18,2010-07-18
0.20979033410549164,4,AES,2010-07-18,2010-07-18
0.3538728356361389,5,AES,2010-07-18,2010-07-18
0.3020438551902771,6,AES,2010-07-18,2010-07-18
0.34434688091278076,7,AES,2010-07-18,2010-07-18
0.20616227388381958,8,AES,2010-07-18,2010-07-18
0.33249738812446594,9,AES,2010-07-18,2010-07-18
0.22380419075489044,10,AES,2010-07-18,2010-07-18
0.3053918480873108,11,AES,2010-07-18,2010-07-18
0.29134291410446167,12,AES,2010-07-18,2010-07-18
0.1548892706632614,1,AES,2014-07-25,2014-07-25
0.1769368052482605,2,AES,2014-07-25,2014-07-25
0.2423630952835083,3,AES,2014-07-25,2014-07-25
0.14848364889621735,4,AES,2014-07-25,2014-07-25
0.2254256010055542,5,AES,2014-07-25,2014-07-25
0.23571744561195374,6,AES,2014-07-25,2014-07-25
0.18774110078811646,7,AES,2014-07-25,2014-07-25
0.13942845165729523,8,AES,2014-07-25,2014-07-25
0.1868480145931244,9,AES,2014-07-25,2014-07-25
0.16077874600887299,10,AES,2014-07-25,2014-07-25
0.1849733293056488,11,AES,2014-07-25,2014-07-25
0.19579501450061798,12,AES,2014-07-25,2014-07-25
0.13938334584236145,1,AES,2013-07-27,2013-07-27
0.14733070135116577,2,AES,2013-07-27,2013-07-27
0.21977777779102325,3,AES,2013-07-27,2013-07-27
0.12733447551727295,4,AES,2013-07-27,2013-07-27
0.24604949355125427,5,AES,2013-07-27,2013-07-27
0.23009368777275085,6,AES,2013-07-27,2013-07-27
0.19071419537067413,7,AES,2013-07-27,2013-07-27
0.11620225757360458,8,AES,2013-07-27,2013-07-27
0.30803388357162476,9,AES,2013-07-27,2013-07-27
0.13494785130023956,10,AES,2013-07-27,2013-07-27
0.17740799486637115,11,AES,2013-07-27,2013-07-27
0.18054762482643127,12,AES,2013-07-27,2013-07-27
0.13347293436527252,1,AES,2009-07-28,2009-07-28
0.12528125941753387,2,AES,2009-07-28,2009-07-28
0.4048722982406616,3,AES,2009-07-28,2009-07-28
0.147284597158432,4,AES,2009-07-28,2009-07-28
0.37623679637908936,5,AES,2009-07-28,2009-07-28
0.41262638568878174,6,AES,2009-07-28,2009-07-28
0.3082774877548218,7,AES,2009-07-28,2009-07-28
0.15534387528896332,8,AES,2009-07-28,2009-07-28
0.3542667329311371,9,AES,2009-07-28,2009-07-28
0.1793595254421234,10,AES,2009-07-28,2009-07-28
0.25808465480804443,11,AES,2009-07-28,2009-07-28
0.3227800726890564,12,AES,2009-07-28,2009-07-28
0.1330554187297821,1,AES,2009-07-03,2009-07-03
0.12653915584087372,2,AES,2009-07-03,2009-07-03
0.5576819181442261,3,AES,2009-07-03,2009-07-03
0.12758159637451172,4,AES,2009-07-03,2009-07-03
0.5599835515022278,5,AES,2009-07-03,2009-07-03
0.5488702058792114,6,AES,2009-07-03,2009-07-03
0.5598726272583008,7,AES,2009-07-03,2009-07-03
0.2526266276836395,8,AES,2009-07-03,2009-07-03
0.4467536211013794,9,AES,2009-07-03,2009-07-03
0.44100621342658997,10,AES,2009-07-03,2009-07-03
0.5582992434501648,11,AES,2009-07-03,2009-07-03
0.5136986970901489,12,AES,2009-07-03,2009-07-03
0.12003064900636673,1,AES,2011-07-31,2011-07-31
0.10491228103637695,2,AES,2011-07-31,2011-07-31
0.5063652992248535,3,AES,2011-07-31,2011-07-31
0.1238357424736023,4,AES,2011-07-31,2011-07-31
0.49383193254470825,5,AES,2011-07-31,2011-07-31
0.4643704891204834,6,AES,2011-07-31,2011-07-31
0.28078174591064453,7,AES,2011-07-31,2011-07-31
0.14358845353126526,8,AES,2011-07-31,2011-07-31
0.3758281469345093,9,AES,2011-07-31,2011-07-31
0.28372710943222046,10,AES,2011-07-31,2011-07-31
0.3575204908847809,11,AES,2011-07-31,2011-07-31
0.4429531991481781,12,AES,2011-07-31,2011-07-31
0.45352208614349365,1,AES,2012-07-06,2012-07-06
0.5392734408378601,2,AES,2012-07-06,2012-07-06
0.5444973707199097,3,AES,2012-07-06,2012-07-06
0.3883153796195984,4,AES,2012-07-06,2012-07-06
0.5208154916763306,5,AES,2012-07-06,2012-07-06
0.4944719076156616,6,AES,2012-07-06,2012-07-06
0.5310862064361572,7,AES,2012-07-06,2012-07-06
0.42514973878860474,8,AES,2012-07-06,2012-07-06
0.4977100193500519,9,AES,2012-07-06,2012-07-06
0.5548802018165588,10,AES,2012-07-06,2012-07-06
0.5250764489173889,11,AES,2012-07-06,2012-07-06
0.5118151903152466,12,AES,2012-07-06,2012-07-06
0.43812695145606995,1,AES,2013-07-08,2013-07-08
0.5070540308952332,2,AES,2013-07-08,2013-07-08
0.5049054026603699,3,AES,2013-07-08,2013-07-08
0.35086068511009216,4,AES,2013-07-08,2013-07-08
0.5572457909584045,5,AES,2013-07-08,2013-07-08
0.5705069303512573,6,AES,2013-07-08,2013-07-08
0.5501487851142883,7,AES,2013-07-08,2013-07-08
0.3176553547382355,8,AES,2013-07-08,2013-07-08
0.51395583152771,9,AES,2013-07-08,2013-07-08
0.44856759905815125,10,AES,2013-07-08,2013-07-08
0.5442456007003784,11,AES,2013-07-08,2013-07-08
0.6327521800994873,12,AES,2013-07-08,2013-07-08
0.30704593658447266,1,AES,2014-07-08,2014-07-08
0.45587047934532166,2,AES,2014-07-08,2014-07-08
0.48201557993888855,3,AES,2014-07-08,2014-07-08
0.2061149775981903,4,AES,2014-07-08,2014-07-08
0.4853186309337616,5,AES,2014-07-08,2014-07-08
0.41470402479171753,6,AES,2014-07-08,2014-07-08
0.4268670380115509,7,AES,2014-07-08,2014-07-08
0.24972355365753174,8,AES,2014-07-08,2014-07-08
0.38901710510253906,9,AES,2014-07-08,2014-07-08
0.3614344596862793,10,AES,2014-07-08,2014-07-08
0.441226601600647,11,AES,2014-07-08,2014-07-08
0.46864092350006104,12,AES,2014-07-08,2014-07-08
0.17987655103206635,1,AES,2015-07-08,2015-07-08
0.18697838485240936,2,AES,2015-07-08,2015-07-08
0.18748700618743896,3,AES,2015-07-08,2015-07-08
0.15319213271141052,4,AES,2015-07-08,2015-07-08
0.17408862709999084,5,AES,2015-07-08,2015-07-08
0.17201051115989685,6,AES,2015-07-08,2015-07-08
0.17400960624217987,7,AES,2015-07-08,2015-07-08
0.1533280462026596,8,AES,2015-07-08,2015-07-08
0.17818531394004822,9,AES,2015-07-08,2015-07-08
0.16779586672782898,10,AES,2015-07-08,2015-07-08
0.16627326607704163,11,AES,2015-07-08,2015-07-08
0.17235469818115234,12,AES,2015-07-08,2015-07-08
0.16790251433849335,1,AES,2011-07-09,2011-07-09
0.16356751322746277,2,AES,2011-07-09,2011-07-09
0.5719862580299377,3,AES,2011-07-09,2011-07-09
0.160690575838089,4,AES,2011-07-09,2011-07-09
0.5958142280578613,5,AES,2011-07-09,2011-07-09
0.5888878107070923,6,AES,2011-07-09,2011-07-09
0.5152342319488525,7,AES,2011-07-09,2011-07-09
0.32279476523399353,8,AES,2011-07-09,2011-07-09
0.4268028736114502,9,AES,2011-07-09,2011-07-09
0.5228793621063232,10,AES,2011-07-09,2011-07-09
0.4837583303451538,11,AES,2011-07-09,2011-07-09
0.5782352089881897,12,AES,2011-07-09,2011-07-09
0.37831899523735046,1,J,2009-05-22,2009-05-22
0.28939682245254517,2,J,2009-05-22,2009-05-22
0.2675573527812958,3,J,2009-05-22,2009-05-22
0.29679667949676514,4,J,2009-05-22,2009-05-22
0.23228761553764343,5,J,2009-05-22,2009-05-22
0.23076948523521423,6,J,2009-05-22,2009-05-22
0.3255477547645569,7,J,2009-05-22,2009-05-22
0.46782901883125305,8,J,2009-05-22,2009-05-22
0.6012238264083862,9,J,2009-05-22,2009-05-22
0.5204678773880005,10,J,2009-05-22,2009-05-22
0.22974158823490143,11,J,2009-05-22,2009-05-22
0.32078325748443604,12,J,2009-05-22,2009-05-22
0.11582581698894501,1,J,2014-05-30,2014-05-30
0.12147869169712067,2,J,2014-05-30,2014-05-30
0.13653981685638428,3,J,2014-05-30,2014-05-30
0.11906956136226654,4,J,2014-05-30,2014-05-30
0.119735486805439,5,J,2014-05-30,2014-05-30
0.14402663707733154,6,J,2014-05-30,2014-05-30
0.1315770149230957,7,J,2014-05-30,2014-05-30
0.12687675654888153,8,J,2014-05-30,2014-05-30
0.1591874361038208,9,J,2014-05-30,2014-05-30
0.12419498711824417,10,J,2014-05-30,2014-05-30
0.13377445936203003,11,J,2014-05-30,2014-05-30
0.12710745632648468,12,J,2014-05-30,2014-05-30
0.5718798637390137,1,J,2009-06-10,2009-06-10
0.41090139746665955,2,J,2009-06-10,2009-06-10
0.4267562925815582,3,J,2009-06-10,2009-06-10
0.43564632534980774,4,J,2009-06-10,2009-06-10
0.33851128816604614,5,J,2009-06-10,2009-06-10
0.255022794008255,6,J,2009-06-10,2009-06-10
0.4645962417125702,7,J,2009-06-10,2009-06-10
0.586807370185852,8,J,2009-06-10,2009-06-10
0.5383439064025879,9,J,2009-06-10,2009-06-10
0.6077448725700378,10,J,2009-06-10,2009-06-10
0.1966121345758438,11,J,2009-06-10,2009-06-10
0.4496174454689026,12,J,2009-06-10,2009-06-10
0.4280843138694763,1,J,2010-06-15,2010-06-15
0.34772759675979614,2,J,2010-06-15,2010-06-15
0.41477176547050476,3,J,2010-06-15,2010-06-15
0.47426602244377136,4,J,2010-06-15,2010-06-15
0.4328801929950714,5,J,2010-06-15,2010-06-15
0.396328866481781,6,J,2010-06-15,2010-06-15
0.49024033546447754,7,J,2010-06-15,2010-06-15
0.4855603277683258,8,J,2010-06-15,2010-06-15
0.47241148352622986,9,J,2010-06-15,2010-06-15
0.5518090128898621,10,J,2010-06-15,2010-06-15
0.4504265785217285,11,J,2010-06-15,2010-06-15
0.3794170618057251,12,J,2010-06-15,2010-06-15
0.648431122303009,1,J,2013-06-15,2013-06-15
0.4500431716442108,2,J,2013-06-15,2013-06-15
0.5414161682128906,3,J,2013-06-15,2013-06-15
0.5782201290130615,4,J,2013-06-15,2013-06-15
0.49174636602401733,5,J,2013-06-15,2013-06-15
0.4885537922382355,6,J,2013-06-15,2013-06-15
0.5424452424049377,7,J,2013-06-15,2013-06-15
0.6041533946990967,8,J,2013-06-15,2013-06-15
0.5612592697143555,9,J,2013-06-15,2013-06-15
0.6587514877319336,10,J,2013-06-15,2013-06-15
0.5626645684242249,11,J,2013-06-15,2013-06-15
0.5429469347000122,12,J,2013-06-15,2013-06-15
0.5358859300613403,1,J,2015-06-18,2015-06-18
0.45629575848579407,2,J,2015-06-18,2015-06-18
0.500204861164093,3,J,2015-06-18,2015-06-18
0.536298394203186,4,J,2015-06-18,2015-06-18
0.5035198926925659,5,J,2015-06-18,2015-06-18
0.5703154802322388,6,J,2015-06-18,2015-06-18
0.4457753300666809,7,J,2015-06-18,2015-06-18
0.5001445412635803,8,J,2015-06-18,2015-06-18
0.44517165422439575,9,J,2015-06-18,2015-06-18
0.6041436195373535,10,J,2015-06-18,2015-06-18
0.47550204396247864,11,J,2015-06-18,2015-06-18
0.529865562915802,12,J,2015-06-18,2015-06-18
0.1832333207130432,1,J,2014-06-19,2014-06-19
0.20673823356628418,2,J,2014-06-19,2014-06-19
0.21967452764511108,3,J,2014-06-19,2014-06-19
0.17655369639396667,4,J,2014-06-19,2014-06-19
0.16063013672828674,5,J,2014-06-19,2014-06-19
0.20605163276195526,6,J,2014-06-19,2014-06-19
0.2091056853532791,7,J,2014-06-19,2014-06-19
0.22556625306606293,8,J,2014-06-19,2014-06-19
0.21848535537719727,9,J,2014-06-19,2014-06-19
0.18472599983215332,10,J,2014-06-19,2014-06-19
0.18160179257392883,11,J,2014-06-19,2014-06-19
0.22389063239097595,12,J,2014-06-19,2014-06-19
0.20095795392990112,1,J,2012-06-25,2012-06-25
0.2134944349527359,2,J,2012-06-25,2012-06-25
0.20386084914207458,3,J,2012-06-25,2012-06-25
0.21246056258678436,4,J,2012-06-25,2012-06-25
0.1971067488193512,5,J,2012-06-25,2012-06-25
0.22356735169887543,6,J,2012-06-25,2012-06-25
0.24435006082057953,7,J,2012-06-25,2012-06-25
0.17381025850772858,8,J,2012-06-25,2012-06-25
0.16340455412864685,9,J,2012-06-25,2012-06-25
0.1791338473558426,10,J,2012-06-25,2012-06-25
0.1919468641281128,11,J,2012-06-25,2012-06-25
0.20205381512641907,12,J,2012-06-25,2012-06-25
0.6229295134544373,1,J,2010-06-27,2010-06-27
0.5404725074768066,2,J,2010-06-27,2010-06-27
0.5836243033409119,3,J,2010-06-27,2010-06-27
0.6610384583473206,4,J,2010-06-27,2010-06-27
0.6138976216316223,5,J,2010-06-27,2010-06-27
0.5788418650627136,6,J,2010-06-27,2010-06-27
0.6501983404159546,7,J,2010-06-27,2010-06-27
0.6413008570671082,8,J,2010-06-27,2010-06-27
0.5955373048782349,9,J,2010-06-27,2010-06-27
0.6947274208068848,10,J,2010-06-27,2010-06-27
0.5916777849197388,11,J,2010-06-27,2010-06-27
0.5990068316459656,12,J,2010-06-27,2010-06-27
0.6366667151451111,1,J,2013-06-29,2013-06-29
0.4733947813510895,2,J,2013-06-29,2013-06-29
0.5337242484092712,3,J,2013-06-29,2013-06-29
0.5872905850410461,4,J,2013-06-29,2013-06-29
0.5455199480056763,5,J,2013-06-29,2013-06-29
0.5534148216247559,6,J,2013-06-29,2013-06-29
0.5273786187171936,7,J,2013-06-29,2013-06-29
0.5769904255867004,8,J,2013-06-29,2013-06-29
0.5446419715881348,9,J,2013-06-29,2013-06-29
0.6387683153152466,10,J,2013-06-29,2013-06-29
0.5933420658111572,11,J,2013-06-29,2013-06-29
0.5311949253082275,12,J,2013-06-29,2013-06-29
0.15791073441505432,1,J,2012-06-04,2012-06-04
0.17463412880897522,2,J,2012-06-04,2012-06-04
0.17752812802791595,3,J,2012-06-04,2012-06-04
0.15588557720184326,4,J,2012-06-04,2012-06-04
0.14992451667785645,5,J,2012-06-04,2012-06-04
0.14649814367294312,6,J,2012-06-04,2012-06-04
0.14621829986572266,7,J,2012-06-04,2012-06-04
0.1422039121389389,8,J,2012-06-04,2012-06-04
0.16483893990516663,9,J,2012-06-04,2012-06-04
0.1371251344680786,10,J,2012-06-04,2012-06-04
0.17394983768463135,11,J,2012-06-04,2012-06-04
0.16176852583885193,12,J,2012-06-04,2012-06-04
0.6604772210121155,1,J,2013-06-06,2013-06-06
0.4609338641166687,2,J,2013-06-06,2013-06-06
0.5375221967697144,3,J,2013-06-06,2013-06-06
0.606461226940155,4,J,2013-06-06,2013-06-06
0.5156608819961548,5,J,2013-06-06,2013-06-06
0.4950161278247833,6,J,2013-06-06,2013-06-06
0.618399977684021,7,J,2013-06-06,2013-06-06
0.6557422280311584,8,J,2013-06-06,2013-06-06
0.612121045589447,9,J,2013-06-06,2013-06-06
0.693517804145813,10,J,2013-06-06,2013-06-06
0.588158905506134,11,J,2013-06-06,2013-06-06
0.5600266456604004,12,J,2013-06-06,2013-06-06
0.6124855279922485,1,J,2015-06-08,2015-06-08
0.5484179854393005,2,J,2015-06-08,2015-06-08
0.5621174573898315,3,J,2015-06-08,2015-06-08
0.5932409763336182,4,J,2015-06-08,2015-06-08
0.5199188590049744,5,J,2015-06-08,2015-06-08
0.5995343923568726,6,J,2015-06-08,2015-06-08
0.6135016679763794,7,J,2015-06-08,2015-06-08
0.6061387062072754,8,J,2015-06-08,2015-06-08
0.5637868642807007,9,J,2015-06-08,2015-06-08
0.6878697276115417,10,J,2015-06-08,2015-06-08
0.5342824459075928,11,J,2015-06-08,2015-06-08
0.5855058431625366,12,J,2015-06-08,2015-06-08
0.30335119366645813,1,J,2012-07-10,2012-07-10
0.3296717703342438,2,J,2012-07-10,2012-07-10
0.32913967967033386,3,J,2012-07-10,2012-07-10
0.3453214764595032,4,J,2012-07-10,2012-07-10
0.3212733566761017,5,J,2012-07-10,2012-07-10
0.3698629140853882,6,J,2012-07-10,2012-07-10
0.35466867685317993,7,J,2012-07-10,2012-07-10
0.33123958110809326,8,J,2012-07-10,2012-07-10
0.22876518964767456,9,J,2012-07-10,2012-07-10
0.3399297595024109,10,J,2012-07-10,2012-07-10
0.3147878348827362,11,J,2012-07-10,2012-07-10
0.3104567229747772,12,J,2012-07-10,2012-07-10
0.3281134068965912,1,J,2014-07-11,2014-07-11
0.22455310821533203,2,J,2014-07-11,2014-07-11
0.29240381717681885,3,J,2014-07-11,2014-07-11
0.3120635449886322,4,J,2014-07-11,2014-07-11
0.27670425176620483,5,J,2014-07-11,2014-07-11
0.23779042065143585,6,J,2014-07-11,2014-07-11
0.2762698531150818,7,J,2014-07-11,2014-07-11
0.3420453369617462,8,J,2014-07-11,2014-07-11
0.3223741054534912,9,J,2014-07-11,2014-07-11
0.3633153438568115,10,J,2014-07-11,2014-07-11
0.2131444215774536,11,J,2014-07-11,2014-07-11
0.317973792552948,12,J,2014-07-11,2014-07-11
0.5549242496490479,1,J,2011-07-15,2011-07-15
0.3075425624847412,2,J,2011-07-15,2011-07-15
0.14361554384231567,3,J,2011-07-15,2011-07-15
0.16644863784313202,4,J,2011-07-15,2011-07-15
0.15927721560001373,5,J,2011-07-15,2011-07-15
999999,6,J,2011-07-15,2011-07-15
999999,7,J,2011-07-15,2011-07-15
999999,8,J,2011-07-15,2011-07-15
999999,9,J,2011-07-15,2011-07-15
999999,10,J,2011-07-15,2011-07-15
999999,11,J,2011-07-15,2011-07-15
0.1731848269701004,12,J,2011-07-15,2011-07-15
0.16074204444885254,1,J,2015-07-15,2015-07-15
0.15808750689029694,2,J,2015-07-15,2015-07-15
0.1614646017551422,3,J,2015-07-15,2015-07-15
0.16799578070640564,4,J,2015-07-15,2015-07-15
0.15036709606647491,5,J,2015-07-15,2015-07-15
0.1731712371110916,6,J,2015-07-15,2015-07-15
0.16064950823783875,7,J,2015-07-15,2015-07-15
0.1594190001487732,8,J,2015-07-15,2015-07-15
0.15151281654834747,9,J,2015-07-15,2015-07-15
0.16741521656513214,10,J,2015-07-15,2015-07-15
0.155236154794693,11,J,2015-07-15,2015-07-15
0.15819932520389557,12,J,2015-07-15,2015-07-15
0.37962669134140015,1,J,2013-07-16,2013-07-16
0.2086387574672699,2,J,2013-07-16,2013-07-16
0.2657448947429657,3,J,2013-07-16,2013-07-16
0.3125026524066925,4,J,2013-07-16,2013-07-16
0.28434884548187256,5,J,2013-07-16,2013-07-16
0.4234808385372162,6,J,2013-07-16,2013-07-16
0.19758154451847076,7,J,2013-07-16,2013-07-16
0.2152586579322815,8,J,2013-07-16,2013-07-16
0.20375500619411469,9,J,2013-07-16,2013-07-16
0.28920722007751465,10,J,2013-07-16,2013-07-16
0.38685864210128784,11,J,2013-07-16,2013-07-16
0.32971978187561035,12,J,2013-07-16,2013-07-16
0.17280186712741852,1,J,2013-07-24,2013-07-24
0.13567309081554413,2,J,2013-07-24,2013-07-24
0.17251622676849365,3,J,2013-07-24,2013-07-24
0.161375030875206,4,J,2013-07-24,2013-07-24
0.14487464725971222,5,J,2013-07-24,2013-07-24
0.22528380155563354,6,J,2013-07-24,2013-07-24
0.1433270424604416,7,J,2013-07-24,2013-07-24
0.14591827988624573,8,J,2013-07-24,2013-07-24
0.14857782423496246,9,J,2013-07-24,2013-07-24
0.16761839389801025,10,J,2013-07-24,2013-07-24
0.1766800433397293,11,J,2013-07-24,2013-07-24
0.14823362231254578,12,J,2013-07-24,2013-07-24
0.22152501344680786,1,J,2009-07-28,2009-07-28
0.19984404742717743,2,J,2009-07-28,2009-07-28
0.22882689535617828,3,J,2009-07-28,2009-07-28
0.1963752955198288,4,J,2009-07-28,2009-07-28
0.1792854219675064,5,J,2009-07-28,2009-07-28
0.2249068170785904,6,J,2009-07-28,2009-07-28
0.20540116727352142,7,J,2009-07-28,2009-07-28
0.22103576362133026,8,J,2009-07-28,2009-07-28
0.19701842963695526,9,J,2009-07-28,2009-07-28
0.24619247019290924,10,J,2009-07-28,2009-07-28
0.19771334528923035,11,J,2009-07-28,2009-07-28
0.20126476883888245,12,J,2009-07-28,2009-07-28
0.42077428102493286,1,J,2012-07-31,2012-07-31
0.36057791113853455,2,J,2012-07-31,2012-07-31
0.42511436343193054,3,J,2012-07-31,2012-07-31
0.4295535981655121,4,J,2012-07-31,2012-07-31
0.37708580493927,5,J,2012-07-31,2012-07-31
0.4019432067871094,6,J,2012-07-31,2012-07-31
0.37877601385116577,7,J,2012-07-31,2012-07-31
0.4229728877544403,8,J,2012-07-31,2012-07-31
0.15066376328468323,9,J,2012-07-31,2012-07-31
0.44555503129959106,10,J,2012-07-31,2012-07-31
0.378981351852417,11,J,2012-07-31,2012-07-31
0.4226006269454956,12,J,2012-07-31,2012-07-31
0.63719642162323,1,J,2013-07-04,2013-07-04
0.3584362268447876,2,J,2013-07-04,2013-07-04
0.525149405002594,3,J,2013-07-04,2013-07-04
0.5983516573905945,4,J,2013-07-04,2013-07-04
0.5303880572319031,5,J,2013-07-04,2013-07-04
0.546898365020752,6,J,2013-07-04,2013-07-04
0.3932844400405884,7,J,2013-07-04,2013-07-04
0.5047242045402527,8,J,2013-07-04,2013-07-04
0.4714106023311615,9,J,2013-07-04,2013-07-04
0.5686309933662415,10,J,2013-07-04,2013-07-04
0.6036798357963562,11,J,2013-07-04,2013-07-04
0.5644989013671875,12,J,2013-07-04,2013-07-04
0.43462634086608887,1,J,2011-07-05,2011-07-05
0.27069637179374695,2,J,2011-07-05,2011-07-05
0.13651451468467712,3,J,2011-07-05,2011-07-05
0.15402400493621826,4,J,2011-07-05,2011-07-05
0.14164361357688904,5,J,2011-07-05,2011-07-05
0.14632411301136017,6,J,2011-07-05,2011-07-05
0.14069297909736633,7,J,2011-07-05,2011-07-05
0.5056716799736023,8,J,2011-07-05,2011-07-05
0.19137781858444214,9,J,2011-07-05,2011-07-05
0.5548946261405945,10,J,2011-07-05,2011-07-05
0.14777930080890656,11,J,2011-07-05,2011-07-05
0.14482834935188293,12,J,2011-07-05,2011-07-05
0.5985924601554871,1,J,2010-07-07,2010-07-07
0.4558177590370178,2,J,2010-07-07,2010-07-07
0.5776619911193848,3,J,2010-07-07,2010-07-07
0.593758761882782,4,J,2010-07-07,2010-07-07
0.5719617009162903,5,J,2010-07-07,2010-07-07
0.5983723998069763,6,J,2010-07-07,2010-07-07
0.6023589372634888,7,J,2010-07-07,2010-07-07
0.6081526875495911,8,J,2010-07-07,2010-07-07
0.534001886844635,9,J,2010-07-07,2010-07-07
0.6633625030517578,10,J,2010-07-07,2010-07-07
0.5482221841812134,11,J,2010-07-07,2010-07-07
0.5838689804077148,12,J,2010-07-07,2010-07-07
0.2920360565185547,1,J,2014-07-07,2014-07-07
0.20357108116149902,2,J,2014-07-07,2014-07-07
0.2990204989910126,3,J,2014-07-07,2014-07-07
0.2649516463279724,4,J,2014-07-07,2014-07-07
0.24225136637687683,5,J,2014-07-07,2014-07-07
0.20710699260234833,6,J,2014-07-07,2014-07-07
0.27922481298446655,7,J,2014-07-07,2014-07-07
0.31191286444664,8,J,2014-07-07,2014-07-07
0.32313868403434753,9,J,2014-07-07,2014-07-07
0.3349500000476837,10,J,2014-07-07,2014-07-07
0.2116013616323471,11,J,2014-07-07,2014-07-07
0.3129505217075348,12,J,2014-07-07,2014-07-07
0.18506227433681488,1,J,2015-07-08,2015-07-08
0.1769004613161087,2,J,2015-07-08,2015-07-08
0.18139877915382385,3,J,2015-07-08,2015-07-08
0.18942268192768097,4,J,2015-07-08,2015-07-08
0.18665963411331177,5,J,2015-07-08,2015-07-08
0.23998336493968964,6,J,2015-07-08,2015-07-08
0.1920354813337326,7,J,2015-07-08,2015-07-08
0.18321487307548523,8,J,2015-07-08,2015-07-08
0.17492574453353882,9,J,2015-07-08,2015-07-08
0.20596566796302795,10,J,2015-07-08,2015-07-08
0.18727312982082367,11,J,2015-07-08,2015-07-08
0.1949823498725891,12,J,2015-07-08,2015-07-08
0.44926655292510986,1,J,2011-08-03,2011-08-03
0.24837133288383484,2,J,2011-08-03,2011-08-03
0.16994987428188324,3,J,2011-08-03,2011-08-03
0.15198752284049988,4,J,2011-08-03,2011-08-03
0.14367766678333282,5,J,2011-08-03,2011-08-03
0.19283664226531982,6,J,2011-08-03,2011-08-03
0.16607409715652466,7,J,2011-08-03,2011-08-03
0.32570794224739075,8,J,2011-08-03,2011-08-03
0.17235484719276428,9,J,2011-08-03,2011-08-03
0.4472396671772003,10,J,2011-08-03,2011-08-03
0.17473505437374115,11,J,2011-08-03,2011-08-03
0.18447673320770264,12,J,2011-08-03,2011-08-03
0.4103246331214905,1,J,2012-08-04,2012-08-04
0.2712688744068146,2,J,2012-08-04,2012-08-04
0.3941364884376526,3,J,2012-08-04,2012-08-04
0.4225263297557831,4,J,2012-08-04,2012-08-04
0.34910598397254944,5,J,2012-08-04,2012-08-04
0.38189879059791565,6,J,2012-08-04,2012-08-04
0.32657185196876526,7,J,2012-08-04,2012-08-04
0.3896270990371704,8,J,2012-08-04,2012-08-04
0.14517371356487274,9,J,2012-08-04,2012-08-04
0.4458383321762085,10,J,2012-08-04,2012-08-04
0.3410605490207672,11,J,2012-08-04,2012-08-04
0.43943125009536743,12,J,2012-08-04,2012-08-04
0.29834187030792236,1,J,2014-08-06,2014-08-06
0.1364457756280899,2,J,2014-08-06,2014-08-06
0.15506966412067413,3,J,2014-08-06,2014-08-06
0.3003460764884949,4,J,2014-08-06,2014-08-06
0.2216089516878128,5,J,2014-08-06,2014-08-06
0.1440742462873459,6,J,2014-08-06,2014-08-06
0.21546100080013275,7,J,2014-08-06,2014-08-06
0.22903257608413696,8,J,2014-08-06,2014-08-06
0.14514391124248505,9,J,2014-08-06,2014-08-06
0.30235815048217773,10,J,2014-08-06,2014-08-06
0.14003847539424896,11,J,2014-08-06,2014-08-06
0.13960295915603638,12,J,2014-08-06,2014-08-06
0.32757893204689026,1,OD,2014-05-30,2014-05-30
0.2932118773460388,2,OD,2014-05-30,2014-05-30
0.3249861001968384,3,OD,2014-05-30,2014-05-30
0.24850493669509888,4,OD,2014-05-30,2014-05-30
0.28004324436187744,5,OD,2014-05-30,2014-05-30
0.2885757088661194,6,OD,2014-05-30,2014-05-30
0.3437553942203522,7,OD,2014-05-30,2014-05-30
0.24591778218746185,8,OD,2014-05-30,2014-05-30
0.3018476665019989,9,OD,2014-05-30,2014-05-30
0.30836817622184753,10,OD,2014-05-30,2014-05-30
0.29484865069389343,11,OD,2014-05-30,2014-05-30
0.37326133251190186,12,OD,2014-05-30,2014-05-30
0.23703856766223907,1,OD,2009-06-10,2009-06-10
0.4111896753311157,2,OD,2009-06-10,2009-06-10
0.44868019223213196,3,OD,2009-06-10,2009-06-10
0.40258315205574036,4,OD,2009-06-10,2009-06-10
0.41289108991622925,5,OD,2009-06-10,2009-06-10
0.44008195400238037,6,OD,2009-06-10,2009-06-10
0.45961883664131165,7,OD,2009-06-10,2009-06-10
0.4580211639404297,8,OD,2009-06-10,2009-06-10
0.3910295069217682,9,OD,2009-06-10,2009-06-10
0.3920568823814392,10,OD,2009-06-10,2009-06-10
0.4233112335205078,11,OD,2009-06-10,2009-06-10
0.3536645770072937,12,OD,2009-06-10,2009-06-10
0.39135658740997314,1,OD,2012-06-13,2012-06-13
0.5085247159004211,2,OD,2012-06-13,2012-06-13
0.595903217792511,3,OD,2012-06-13,2012-06-13
0.4963521361351013,4,OD,2012-06-13,2012-06-13
0.4874384105205536,5,OD,2012-06-13,2012-06-13
0.44025516510009766,6,OD,2012-06-13,2012-06-13
0.5632190108299255,7,OD,2012-06-13,2012-06-13
0.49802690744400024,8,OD,2012-06-13,2012-06-13
0.485761821269989,9,OD,2012-06-13,2012-06-13
0.5382035970687866,10,OD,2012-06-13,2012-06-13
0.518791139125824,11,OD,2012-06-13,2012-06-13
0.46980854868888855,12,OD,2012-06-13,2012-06-13
0.17869700491428375,1,OD,2010-06-15,2010-06-15
0.16220314800739288,2,OD,2010-06-15,2010-06-15
0.17040249705314636,3,OD,2010-06-15,2010-06-15
0.1441764235496521,4,OD,2010-06-15,2010-06-15
0.14332981407642365,5,OD,2010-06-15,2010-06-15
0.15088002383708954,6,OD,2010-06-15,2010-06-15
0.1749068945646286,7,OD,2010-06-15,2010-06-15
0.1399780660867691,8,OD,2010-06-15,2010-06-15
0.13777615129947662,9,OD,2010-06-15,2010-06-15
0.18157273530960083,10,OD,2010-06-15,2010-06-15
0.13429279625415802,11,OD,2010-06-15,2010-06-15
0.1708456575870514,12,OD,2010-06-15,2010-06-15
0.3490235507488251,1,OD,2012-06-15,2012-06-15
0.5032639503479004,2,OD,2012-06-15,2012-06-15
0.6175403594970703,3,OD,2012-06-15,2012-06-15
0.5319411158561707,4,OD,2012-06-15,2012-06-15
0.5247831344604492,5,OD,2012-06-15,2012-06-15
0.4630679190158844,6,OD,2012-06-15,2012-06-15
0.5847119688987732,7,OD,2012-06-15,2012-06-15
0.5305536985397339,8,OD,2012-06-15,2012-06-15
0.5173752307891846,9,OD,2012-06-15,2012-06-15
0.5576618909835815,10,OD,2012-06-15,2012-06-15
0.5080840587615967,11,OD,2012-06-15,2012-06-15
0.5022541880607605,12,OD,2012-06-15,2012-06-15
0.5454471707344055,1,OD,2013-06-15,2013-06-15
0.395699143409729,2,OD,2013-06-15,2013-06-15
0.4605322778224945,3,OD,2013-06-15,2013-06-15
0.4948130249977112,4,OD,2013-06-15,2013-06-15
0.4572305977344513,5,OD,2013-06-15,2013-06-15
0.5400697588920593,6,OD,2013-06-15,2013-06-15
0.5240424871444702,7,OD,2013-06-15,2013-06-15
0.4899342954158783,8,OD,2013-06-15,2013-06-15
0.4377824664115906,9,OD,2013-06-15,2013-06-15
0.38679274916648865,10,OD,2013-06-15,2013-06-15
0.5098426938056946,11,OD,2013-06-15,2013-06-15
0.32015231251716614,12,OD,2013-06-15,2013-06-15
0.5658443570137024,1,OD,2015-06-17,2015-06-17
0.44663006067276,2,OD,2015-06-17,2015-06-17
0.539018988609314,3,OD,2015-06-17,2015-06-17
0.5432851910591125,4,OD,2015-06-17,2015-06-17
0.43193113803863525,5,OD,2015-06-17,2015-06-17
0.5274026989936829,6,OD,2015-06-17,2015-06-17
0.5717431902885437,7,OD,2015-06-17,2015-06-17
0.4969812333583832,8,OD,2015-06-17,2015-06-17
0.4686661958694458,9,OD,2015-06-17,2015-06-17
0.5763623714447021,10,OD,2015-06-17,2015-06-17
0.5384491086006165,11,OD,2015-06-17,2015-06-17
0.5655468106269836,12,OD,2015-06-17,2015-06-17
0.4643590450286865,1,OD,2014-06-19,2014-06-19
0.4003209173679352,2,OD,2014-06-19,2014-06-19
0.5157328248023987,3,OD,2014-06-19,2014-06-19
0.4339868426322937,4,OD,2014-06-19,2014-06-19
0.4266313910484314,5,OD,2014-06-19,2014-06-19
0.430133581161499,6,OD,2014-06-19,2014-06-19
0.5096461176872253,7,OD,2014-06-19,2014-06-19
0.38644513487815857,8,OD,2014-06-19,2014-06-19
0.42418521642684937,9,OD,2014-06-19,2014-06-19
0.3486782908439636,10,OD,2014-06-19,2014-06-19
0.46500805020332336,11,OD,2014-06-19,2014-06-19
0.38340041041374207,12,OD,2014-06-19,2014-06-19
999999,1,OD,2014-06-02,2014-06-02
999999,2,OD,2014-06-02,2014-06-02
999999,3,OD,2014-06-02,2014-06-02
999999,4,OD,2014-06-02,2014-06-02
999999,5,OD,2014-06-02,2014-06-02
999999,6,OD,2014-06-02,2014-06-02
999999,7,OD,2014-06-02,2014-06-02
999999,8,OD,2014-06-02,2014-06-02
999999,9,OD,2014-06-02,2014-06-02
999999,10,OD,2014-06-02,2014-06-02
999999,11,OD,2014-06-02,2014-06-02
999999,12,OD,2014-06-02,2014-06-02
0.3955611288547516,1,OD,2012-06-25,2012-06-25
0.5672441124916077,2,OD,2012-06-25,2012-06-25
0.6696738004684448,3,OD,2012-06-25,2012-06-25
0.625170886516571,4,OD,2012-06-25,2012-06-25
0.5903418660163879,5,OD,2012-06-25,2012-06-25
0.5540564060211182,6,OD,2012-06-25,2012-06-25
0.6485235691070557,7,OD,2012-06-25,2012-06-25
0.6371017098426819,8,OD,2012-06-25,2012-06-25
0.5718079805374146,9,OD,2012-06-25,2012-06-25
0.6130111813545227,10,OD,2012-06-25,2012-06-25
0.6204283833503723,11,OD,2012-06-25,2012-06-25
0.6037843227386475,12,OD,2012-06-25,2012-06-25
0.22583581507205963,1,OD,2010-06-27,2010-06-27
0.1926891803741455,2,OD,2010-06-27,2010-06-27
0.21362610161304474,3,OD,2010-06-27,2010-06-27
0.1793789267539978,4,OD,2010-06-27,2010-06-27
0.15847992897033691,5,OD,2010-06-27,2010-06-27
0.16980114579200745,6,OD,2010-06-27,2010-06-27
0.24526001513004303,7,OD,2010-06-27,2010-06-27
0.15127812325954437,8,OD,2010-06-27,2010-06-27
0.19458237290382385,9,OD,2010-06-27,2010-06-27
0.19748534262180328,10,OD,2010-06-27,2010-06-27
0.19738233089447021,11,OD,2010-06-27,2010-06-27
0.1827569156885147,12,OD,2010-06-27,2010-06-27
0.6393195390701294,1,OD,2013-06-27,2013-06-27
0.5088417530059814,2,OD,2013-06-27,2013-06-27
0.5781075954437256,3,OD,2013-06-27,2013-06-27
0.6187885403633118,4,OD,2013-06-27,2013-06-27
0.5532817840576172,5,OD,2013-06-27,2013-06-27
0.6358354687690735,6,OD,2013-06-27,2013-06-27
0.6286188364028931,7,OD,2013-06-27,2013-06-27
0.609763503074646,8,OD,2013-06-27,2013-06-27
0.5466727018356323,9,OD,2013-06-27,2013-06-27
0.5245260000228882,10,OD,2013-06-27,2013-06-27
0.6272861361503601,11,OD,2013-06-27,2013-06-27
0.47748109698295593,12,OD,2013-06-27,2013-06-27
999999,1,OD,2012-06-04,2012-06-04
999999,2,OD,2012-06-04,2012-06-04
999999,3,OD,2012-06-04,2012-06-04
999999,4,OD,2012-06-04,2012-06-04
999999,5,OD,2012-06-04,2012-06-04
999999,6,OD,2012-06-04,2012-06-04
999999,7,OD,2012-06-04,2012-06-04
999999,8,OD,2012-06-04,2012-06-04
999999,9,OD,2012-06-04,2012-06-04
999999,10,OD,2012-06-04,2012-06-04
999999,11,OD,2012-06-04,2012-06-04
999999,12,OD,2012-06-04,2012-06-04
999999,1,OD,2011-06-05,2011-06-05
999999,2,OD,2011-06-05,2011-06-05
999999,3,OD,2011-06-05,2011-06-05
999999,4,OD,2011-06-05,2011-06-05
999999,5,OD,2011-06-05,2011-06-05
999999,6,OD,2011-06-05,2011-06-05
999999,7,OD,2011-06-05,2011-06-05
999999,8,OD,2011-06-05,2011-06-05
999999,9,OD,2011-06-05,2011-06-05
999999,10,OD,2011-06-05,2011-06-05
999999,11,OD,2011-06-05,2011-06-05
999999,12,OD,2011-06-05,2011-06-05
0.6305731534957886,1,OD,2015-06-08,2015-06-08
0.5626773834228516,2,OD,2015-06-08,2015-06-08
0.6426149010658264,3,OD,2015-06-08,2015-06-08
0.6339168548583984,4,OD,2015-06-08,2015-06-08
0.5880022644996643,5,OD,2015-06-08,2015-06-08
0.6101071238517761,6,OD,2015-06-08,2015-06-08
0.656404972076416,7,OD,2015-06-08,2015-06-08
0.5616104602813721,8,OD,2015-06-08,2015-06-08
0.5935580730438232,9,OD,2015-06-08,2015-06-08
0.6202132105827332,10,OD,2015-06-08,2015-06-08
0.5904719233512878,11,OD,2015-06-08,2015-06-08
0.6004230976104736,12,OD,2015-06-08,2015-06-08
0.4048770070075989,1,OD,2012-07-10,2012-07-10
0.4441737234592438,2,OD,2012-07-10,2012-07-10
0.6423168778419495,3,OD,2012-07-10,2012-07-10
0.566778302192688,4,OD,2012-07-10,2012-07-10
0.4548996388912201,5,OD,2012-07-10,2012-07-10
0.5001072883605957,6,OD,2012-07-10,2012-07-10
0.6298720836639404,7,OD,2012-07-10,2012-07-10
0.561092734336853,8,OD,2012-07-10,2012-07-10
0.48708590865135193,9,OD,2012-07-10,2012-07-10
0.5073927640914917,10,OD,2012-07-10,2012-07-10
0.55329430103302,11,OD,2012-07-10,2012-07-10
0.5372379422187805,12,OD,2012-07-10,2012-07-10
0.4911510646343231,1,OD,2014-07-11,2014-07-11
0.39557507634162903,2,OD,2014-07-11,2014-07-11
0.5102778673171997,3,OD,2014-07-11,2014-07-11
0.4192942976951599,4,OD,2014-07-11,2014-07-11
0.3916354775428772,5,OD,2014-07-11,2014-07-11
0.4557372033596039,6,OD,2014-07-11,2014-07-11
0.5232507586479187,7,OD,2014-07-11,2014-07-11
0.4345659911632538,8,OD,2014-07-11,2014-07-11
0.4400695562362671,9,OD,2014-07-11,2014-07-11
0.40270912647247314,10,OD,2014-07-11,2014-07-11
0.519163966178894,11,OD,2014-07-11,2014-07-11
0.4228501319885254,12,OD,2014-07-11,2014-07-11
0.4041740596294403,1,OD,2011-07-15,2011-07-15
0.43930676579475403,2,OD,2011-07-15,2011-07-15
0.6130837202072144,3,OD,2011-07-15,2011-07-15
0.60077965259552,4,OD,2011-07-15,2011-07-15
0.40802469849586487,5,OD,2011-07-15,2011-07-15
0.5686650276184082,6,OD,2011-07-15,2011-07-15
0.647388219833374,7,OD,2011-07-15,2011-07-15
0.6127654314041138,8,OD,2011-07-15,2011-07-15
0.49871236085891724,9,OD,2011-07-15,2011-07-15
0.5345621705055237,10,OD,2011-07-15,2011-07-15
0.5160977840423584,11,OD,2011-07-15,2011-07-15
0.5413245558738708,12,OD,2011-07-15,2011-07-15
0.4522402584552765,1,OD,2012-07-15,2012-07-15
0.3608771860599518,2,OD,2012-07-15,2012-07-15
0.6298096776008606,3,OD,2012-07-15,2012-07-15
0.5074405670166016,4,OD,2012-07-15,2012-07-15
0.4070269465446472,5,OD,2012-07-15,2012-07-15
0.45533931255340576,6,OD,2012-07-15,2012-07-15
0.5952513813972473,7,OD,2012-07-15,2012-07-15
0.5342156291007996,8,OD,2012-07-15,2012-07-15
0.4323098063468933,9,OD,2012-07-15,2012-07-15
0.4515911042690277,10,OD,2012-07-15,2012-07-15
0.5748441219329834,11,OD,2012-07-15,2012-07-15
0.4635412096977234,12,OD,2012-07-15,2012-07-15
0.41914841532707214,1,OD,2013-07-15,2013-07-15
0.3699319064617157,2,OD,2013-07-15,2013-07-15
0.48173707723617554,3,OD,2013-07-15,2013-07-15
0.4289381802082062,4,OD,2013-07-15,2013-07-15
0.29702234268188477,5,OD,2013-07-15,2013-07-15
0.41706058382987976,6,OD,2013-07-15,2013-07-15
0.5064989328384399,7,OD,2013-07-15,2013-07-15
0.428320050239563,8,OD,2013-07-15,2013-07-15
0.3400684595108032,9,OD,2013-07-15,2013-07-15
0.41971471905708313,10,OD,2013-07-15,2013-07-15
0.547539472579956,11,OD,2013-07-15,2013-07-15
0.4091493487358093,12,OD,2013-07-15,2013-07-15
0.14871254563331604,1,OD,2015-07-15,2015-07-15
0.1359124779701233,2,OD,2015-07-15,2015-07-15
0.14819687604904175,3,OD,2015-07-15,2015-07-15
0.15112227201461792,4,OD,2015-07-15,2015-07-15
0.15136699378490448,5,OD,2015-07-15,2015-07-15
0.14319850504398346,6,OD,2015-07-15,2015-07-15
0.15017226338386536,7,OD,2015-07-15,2015-07-15
0.1488458216190338,8,OD,2015-07-15,2015-07-15
0.14889134466648102,9,OD,2015-07-15,2015-07-15
0.151201993227005,10,OD,2015-07-15,2015-07-15
0.1367131471633911,11,OD,2015-07-15,2015-07-15
0.13762980699539185,12,OD,2015-07-15,2015-07-15
0.21458448469638824,1,OD,2013-07-24,2013-07-24
0.1812855452299118,2,OD,2013-07-24,2013-07-24
0.2786225378513336,3,OD,2013-07-24,2013-07-24
0.1973526030778885,4,OD,2013-07-24,2013-07-24
0.1425451934337616,5,OD,2013-07-24,2013-07-24
0.20283733308315277,6,OD,2013-07-24,2013-07-24
0.3531210720539093,7,OD,2013-07-24,2013-07-24
0.20683743059635162,8,OD,2013-07-24,2013-07-24
0.1835424304008484,9,OD,2013-07-24,2013-07-24
0.20782093703746796,10,OD,2013-07-24,2013-07-24
0.3625003397464752,11,OD,2013-07-24,2013-07-24
0.2205534130334854,12,OD,2013-07-24,2013-07-24
0.29263436794281006,1,OD,2009-07-28,2009-07-28
0.19052748382091522,2,OD,2009-07-28,2009-07-28
0.3904319107532501,3,OD,2009-07-28,2009-07-28
0.2810201942920685,4,OD,2009-07-28,2009-07-28
0.1905640959739685,5,OD,2009-07-28,2009-07-28
0.2823666036128998,6,OD,2009-07-28,2009-07-28
0.44488611817359924,7,OD,2009-07-28,2009-07-28
0.2586155831813812,8,OD,2009-07-28,2009-07-28
0.2153339833021164,9,OD,2009-07-28,2009-07-28
0.24254460632801056,10,OD,2009-07-28,2009-07-28
0.418840229511261,11,OD,2009-07-28,2009-07-28
0.21966083347797394,12,OD,2009-07-28,2009-07-28
0.2808570861816406,1,OD,2012-07-31,2012-07-31
0.17933765053749084,2,OD,2012-07-31,2012-07-31
0.24650731682777405,3,OD,2012-07-31,2012-07-31
0.22622881829738617,4,OD,2012-07-31,2012-07-31
0.17438949644565582,5,OD,2012-07-31,2012-07-31
0.2281481921672821,6,OD,2012-07-31,2012-07-31
0.3388380706310272,7,OD,2012-07-31,2012-07-31
0.21914035081863403,8,OD,2012-07-31,2012-07-31
0.18242661654949188,9,OD,2012-07-31,2012-07-31
0.21466970443725586,10,OD,2012-07-31,2012-07-31
0.31763386726379395,11,OD,2012-07-31,2012-07-31
0.1878836452960968,12,OD,2012-07-31,2012-07-31
0.6489462852478027,1,OD,2013-07-04,2013-07-04
0.5109893083572388,2,OD,2013-07-04,2013-07-04
0.6164859533309937,3,OD,2013-07-04,2013-07-04
0.5981417298316956,4,OD,2013-07-04,2013-07-04
0.5211889743804932,5,OD,2013-07-04,2013-07-04
0.6077066659927368,6,OD,2013-07-04,2013-07-04
0.6355167627334595,7,OD,2013-07-04,2013-07-04
0.6229228973388672,8,OD,2013-07-04,2013-07-04
0.5603632926940918,9,OD,2013-07-04,2013-07-04
0.5751939415931702,10,OD,2013-07-04,2013-07-04
0.6609276533126831,11,OD,2013-07-04,2013-07-04
0.5452443957328796,12,OD,2013-07-04,2013-07-04
0.3947930634021759,1,OD,2011-07-05,2011-07-05
0.49770763516426086,2,OD,2011-07-05,2011-07-05
0.6146253943443298,3,OD,2011-07-05,2011-07-05
0.6102520227432251,4,OD,2011-07-05,2011-07-05
0.4751703143119812,5,OD,2011-07-05,2011-07-05
0.6331027150154114,6,OD,2011-07-05,2011-07-05
0.6568280458450317,7,OD,2011-07-05,2011-07-05
0.5981733202934265,8,OD,2011-07-05,2011-07-05
0.5267906785011292,9,OD,2011-07-05,2011-07-05
0.5804516673088074,10,OD,2011-07-05,2011-07-05
0.4850454330444336,11,OD,2011-07-05,2011-07-05
0.5532678961753845,12,OD,2011-07-05,2011-07-05
0.3007715344429016,1,OD,2010-07-07,2010-07-07
0.2507503032684326,2,OD,2010-07-07,2010-07-07
0.2604157328605652,3,OD,2010-07-07,2010-07-07
0.20563961565494537,4,OD,2010-07-07,2010-07-07
0.17594470083713531,5,OD,2010-07-07,2010-07-07
0.17666667699813843,6,OD,2010-07-07,2010-07-07
0.25224539637565613,7,OD,2010-07-07,2010-07-07
0.17830288410186768,8,OD,2010-07-07,2010-07-07
0.23778395354747772,9,OD,2010-07-07,2010-07-07
0.18802888691425323,10,OD,2010-07-07,2010-07-07
0.2054598480463028,11,OD,2010-07-07,2010-07-07
0.21409109234809875,12,OD,2010-07-07,2010-07-07
0.4266462028026581,1,OD,2014-07-07,2014-07-07
0.37534719705581665,2,OD,2014-07-07,2014-07-07
0.5073221325874329,3,OD,2014-07-07,2014-07-07
0.48394742608070374,4,OD,2014-07-07,2014-07-07
0.4357064366340637,5,OD,2014-07-07,2014-07-07
0.4744618237018585,6,OD,2014-07-07,2014-07-07
0.5113031268119812,7,OD,2014-07-07,2014-07-07
0.35187816619873047,8,OD,2014-07-07,2014-07-07
0.43741536140441895,9,OD,2014-07-07,2014-07-07
0.3438494801521301,10,OD,2014-07-07,2014-07-07
0.4395577013492584,11,OD,2014-07-07,2014-07-07
0.3901529014110565,12,OD,2014-07-07,2014-07-07
0.1944979727268219,1,OD,2015-07-08,2015-07-08
0.1652379333972931,2,OD,2015-07-08,2015-07-08
0.17865809798240662,3,OD,2015-07-08,2015-07-08
0.17573529481887817,4,OD,2015-07-08,2015-07-08
0.16011293232440948,5,OD,2015-07-08,2015-07-08
0.1715756058692932,6,OD,2015-07-08,2015-07-08
0.18628236651420593,7,OD,2015-07-08,2015-07-08
0.16618740558624268,8,OD,2015-07-08,2015-07-08
0.16452939808368683,9,OD,2015-07-08,2015-07-08
0.16407214105129242,10,OD,2015-07-08,2015-07-08
0.1740029752254486,11,OD,2015-07-08,2015-07-08
0.17436346411705017,12,OD,2015-07-08,2015-07-08
0.23957186937332153,1,OD,2011-08-03,2011-08-03
0.19183753430843353,2,OD,2011-08-03,2011-08-03
0.2000502198934555,3,OD,2011-08-03,2011-08-03
0.20873160660266876,4,OD,2011-08-03,2011-08-03
0.1879684180021286,5,OD,2011-08-03,2011-08-03
0.19876958429813385,6,OD,2011-08-03,2011-08-03
0.2607235014438629,7,OD,2011-08-03,2011-08-03
0.20369155704975128,8,OD,2011-08-03,2011-08-03
0.19809839129447937,9,OD,2011-08-03,2011-08-03
0.19750307500362396,10,OD,2011-08-03,2011-08-03
0.2482723444700241,11,OD,2011-08-03,2011-08-03
0.20228877663612366,12,OD,2011-08-03,2011-08-03
0.28632432222366333,1,OD,2012-08-04,2012-08-04
0.16972509026527405,2,OD,2012-08-04,2012-08-04
0.22311949729919434,3,OD,2012-08-04,2012-08-04
0.18886485695838928,4,OD,2012-08-04,2012-08-04
0.17421764135360718,5,OD,2012-08-04,2012-08-04
0.17152535915374756,6,OD,2012-08-04,2012-08-04
0.27077075839042664,7,OD,2012-08-04,2012-08-04
0.18474215269088745,8,OD,2012-08-04,2012-08-04
0.17250777781009674,9,OD,2012-08-04,2012-08-04
0.17940035462379456,10,OD,2012-08-04,2012-08-04
0.2319871038198471,11,OD,2012-08-04,2012-08-04
0.17639243602752686,12,OD,2012-08-04,2012-08-04
0.1928081065416336,1,W,2015-04-30,2015-04-30
0.19027681648731232,2,W,2015-04-30,2015-04-30
0.17303210496902466,3,W,2015-04-30,2015-04-30
0.19954395294189453,4,W,2015-04-30,2015-04-30
0.18653658032417297,5,W,2015-04-30,2015-04-30
0.19202092289924622,6,W,2015-04-30,2015-04-30
0.18993674218654633,7,W,2015-04-30,2015-04-30
0.20918354392051697,8,W,2015-04-30,2015-04-30
0.20513996481895447,9,W,2015-04-30,2015-04-30
0.1810806691646576,10,W,2015-04-30,2015-04-30
0.20005695521831512,11,W,2015-04-30,2015-04-30
0.1812943071126938,12,W,2015-04-30,2015-04-30
0.18810953199863434,1,W,2010-05-15,2010-05-15
0.1612781435251236,2,W,2010-05-15,2010-05-15
0.1810762882232666,3,W,2010-05-15,2010-05-15
0.19959408044815063,4,W,2010-05-15,2010-05-15
0.16564056277275085,5,W,2010-05-15,2010-05-15
0.18885377049446106,6,W,2010-05-15,2010-05-15
0.16324059665203094,7,W,2010-05-15,2010-05-15
0.1847865730524063,8,W,2010-05-15,2010-05-15
0.6103638410568237,9,W,2010-05-15,2010-05-15
0.6295082569122314,10,W,2010-05-15,2010-05-15
0.644917368888855,11,W,2010-05-15,2010-05-15
0.1977762132883072,12,W,2010-05-15,2010-05-15
0.43512874841690063,1,W,2009-05-22,2009-05-22
0.4655552804470062,2,W,2009-05-22,2009-05-22
0.4766349196434021,3,W,2009-05-22,2009-05-22
0.5254387855529785,4,W,2009-05-22,2009-05-22
0.5495805740356445,5,W,2009-05-22,2009-05-22
0.44538214802742004,6,W,2009-05-22,2009-05-22
0.4695768654346466,7,W,2009-05-22,2009-05-22
0.4412980377674103,8,W,2009-05-22,2009-05-22
0.1804000288248062,9,W,2009-05-22,2009-05-22
0.15050697326660156,10,W,2009-05-22,2009-05-22
0.1744506061077118,11,W,2009-05-22,2009-05-22
0.4673941135406494,12,W,2009-05-22,2009-05-22
0.17169848084449768,1,W,2014-05-30,2014-05-30
0.18628917634487152,2,W,2014-05-30,2014-05-30
0.20297293365001678,3,W,2014-05-30,2014-05-30
0.16043080389499664,4,W,2014-05-30,2014-05-30
0.1904446929693222,5,W,2014-05-30,2014-05-30
0.1749400943517685,6,W,2014-05-30,2014-05-30
0.18269291520118713,7,W,2014-05-30,2014-05-30
0.1762322634458542,8,W,2014-05-30,2014-05-30
0.196234330534935,9,W,2014-05-30,2014-05-30
0.19006507098674774,10,W,2014-05-30,2014-05-30
0.20926517248153687,11,W,2014-05-30,2014-05-30
0.18067432940006256,12,W,2014-05-30,2014-05-30
0.5289792418479919,1,W,2009-06-10,2009-06-10
0.5196438431739807,2,W,2009-06-10,2009-06-10
0.5340543389320374,3,W,2009-06-10,2009-06-10
0.5917433500289917,4,W,2009-06-10,2009-06-10
0.5763770341873169,5,W,2009-06-10,2009-06-10
0.5656574964523315,6,W,2009-06-10,2009-06-10
0.44001084566116333,7,W,2009-06-10,2009-06-10
0.5472128391265869,8,W,2009-06-10,2009-06-10
0.21936406195163727,9,W,2009-06-10,2009-06-10
0.20371487736701965,10,W,2009-06-10,2009-06-10
0.20822347700595856,11,W,2009-06-10,2009-06-10
0.45550090074539185,12,W,2009-06-10,2009-06-10
0.2759585678577423,1,W,2015-06-13,2015-06-13
0.2324637472629547,2,W,2015-06-13,2015-06-13
0.22994673252105713,3,W,2015-06-13,2015-06-13
0.2363354116678238,4,W,2015-06-13,2015-06-13
0.3046269416809082,5,W,2015-06-13,2015-06-13
0.2665151357650757,6,W,2015-06-13,2015-06-13
0.2565331757068634,7,W,2015-06-13,2015-06-13
0.22772818803787231,8,W,2015-06-13,2015-06-13
0.2383262664079666,9,W,2015-06-13,2015-06-13
0.24230390787124634,10,W,2015-06-13,2015-06-13
0.2731684148311615,11,W,2015-06-13,2015-06-13
0.2268579602241516,12,W,2015-06-13,2015-06-13
0.5310206413269043,1,W,2013-06-15,2013-06-15
0.5850334167480469,2,W,2013-06-15,2013-06-15
0.515857994556427,3,W,2013-06-15,2013-06-15
0.5849214792251587,4,W,2013-06-15,2013-06-15
0.5732753276824951,5,W,2013-06-15,2013-06-15
0.5425748825073242,6,W,2013-06-15,2013-06-15
0.4655951261520386,7,W,2013-06-15,2013-06-15
0.570357084274292,8,W,2013-06-15,2013-06-15
0.5595870614051819,9,W,2013-06-15,2013-06-15
0.5401833653450012,10,W,2013-06-15,2013-06-15
0.5736788511276245,11,W,2013-06-15,2013-06-15
0.5034257173538208,12,W,2013-06-15,2013-06-15
0.5189088582992554,1,W,2014-06-19,2014-06-19
0.5570845007896423,2,W,2014-06-19,2014-06-19
0.5248727798461914,3,W,2014-06-19,2014-06-19
0.31862765550613403,4,W,2014-06-19,2014-06-19
0.4195995628833771,5,W,2014-06-19,2014-06-19
0.458861768245697,6,W,2014-06-19,2014-06-19
0.532188892364502,7,W,2014-06-19,2014-06-19
0.4302041828632355,8,W,2014-06-19,2014-06-19
0.540213406085968,9,W,2014-06-19,2014-06-19
0.5822680592536926,10,W,2014-06-19,2014-06-19
0.55202716588974,11,W,2014-06-19,2014-06-19
0.5494265556335449,12,W,2014-06-19,2014-06-19
0.45839929580688477,1,W,2011-06-21,2011-06-21
0.4662323296070099,2,W,2011-06-21,2011-06-21
0.5054226517677307,3,W,2011-06-21,2011-06-21
0.49187585711479187,4,W,2011-06-21,2011-06-21
0.5079308748245239,5,W,2011-06-21,2011-06-21
0.46921148896217346,6,W,2011-06-21,2011-06-21
0.4519309103488922,7,W,2011-06-21,2011-06-21
0.38193345069885254,8,W,2011-06-21,2011-06-21
0.42761754989624023,9,W,2011-06-21,2011-06-21
0.30499789118766785,10,W,2011-06-21,2011-06-21
0.372641921043396,11,W,2011-06-21,2011-06-21
0.36916735768318176,12,W,2011-06-21,2011-06-21
0.22657260298728943,1,W,2012-06-23,2012-06-23
0.198111891746521,2,W,2012-06-23,2012-06-23
0.23486894369125366,3,W,2012-06-23,2012-06-23
0.19454458355903625,4,W,2012-06-23,2012-06-23
0.2179703265428543,5,W,2012-06-23,2012-06-23
0.21056899428367615,6,W,2012-06-23,2012-06-23
0.25798171758651733,7,W,2012-06-23,2012-06-23
0.24065005779266357,8,W,2012-06-23,2012-06-23
0.2376621961593628,9,W,2012-06-23,2012-06-23
0.23010189831256866,10,W,2012-06-23,2012-06-23
0.22487510740756989,11,W,2012-06-23,2012-06-23
0.2402263581752777,12,W,2012-06-23,2012-06-23
0.2263905256986618,1,W,2012-06-25,2012-06-25
0.20690970122814178,2,W,2012-06-25,2012-06-25
0.24909938871860504,3,W,2012-06-25,2012-06-25
0.18482756614685059,4,W,2012-06-25,2012-06-25
0.23337240517139435,5,W,2012-06-25,2012-06-25
0.20416514575481415,6,W,2012-06-25,2012-06-25
0.2359108179807663,7,W,2012-06-25,2012-06-25
0.24777182936668396,8,W,2012-06-25,2012-06-25
0.2212553471326828,9,W,2012-06-25,2012-06-25
0.2499660849571228,10,W,2012-06-25,2012-06-25
0.24434657394886017,11,W,2012-06-25,2012-06-25
0.25107541680336,12,W,2012-06-25,2012-06-25
0.6275703310966492,1,W,2010-06-27,2010-06-27
0.6202933192253113,2,W,2010-06-27,2010-06-27
0.6395963430404663,3,W,2010-06-27,2010-06-27
0.5121696591377258,4,W,2010-06-27,2010-06-27
0.5735586881637573,5,W,2010-06-27,2010-06-27
0.6233652830123901,6,W,2010-06-27,2010-06-27
0.6555079221725464,7,W,2010-06-27,2010-06-27
0.5944625735282898,8,W,2010-06-27,2010-06-27
0.6820845603942871,9,W,2010-06-27,2010-06-27
0.6874929666519165,10,W,2010-06-27,2010-06-27
0.6934849619865417,11,W,2010-06-27,2010-06-27
0.5933648943901062,12,W,2010-06-27,2010-06-27
0.4762190878391266,1,W,2013-06-27,2013-06-27
0.5571619272232056,2,W,2013-06-27,2013-06-27
0.5044665336608887,3,W,2013-06-27,2013-06-27
0.5335707664489746,4,W,2013-06-27,2013-06-27
0.5018050074577332,5,W,2013-06-27,2013-06-27
0.4932895600795746,6,W,2013-06-27,2013-06-27
0.4316328167915344,7,W,2013-06-27,2013-06-27
0.520074188709259,8,W,2013-06-27,2013-06-27
0.5050455331802368,9,W,2013-06-27,2013-06-27
0.4829576015472412,10,W,2013-06-27,2013-06-27
0.5007893443107605,11,W,2013-06-27,2013-06-27
0.47987455129623413,12,W,2013-06-27,2013-06-27
0.3365854024887085,1,W,2009-06-28,2009-06-28
0.4089590609073639,2,W,2009-06-28,2009-06-28
0.35625284910202026,3,W,2009-06-28,2009-06-28
0.48275333642959595,4,W,2009-06-28,2009-06-28
0.45776134729385376,5,W,2009-06-28,2009-06-28
0.4329446852207184,6,W,2009-06-28,2009-06-28
0.3021281361579895,7,W,2009-06-28,2009-06-28
0.35763490200042725,8,W,2009-06-28,2009-06-28
0.30552369356155396,9,W,2009-06-28,2009-06-28
0.31942108273506165,10,W,2009-06-28,2009-06-28
0.32968005537986755,11,W,2009-06-28,2009-06-28
0.31988924741744995,12,W,2009-06-28,2009-06-28
0.4937562346458435,1,W,2014-06-30,2014-06-30
0.566902220249176,2,W,2014-06-30,2014-06-30
0.5732851028442383,3,W,2014-06-30,2014-06-30
0.41082173585891724,4,W,2014-06-30,2014-06-30
0.5729971528053284,5,W,2014-06-30,2014-06-30
0.5284149050712585,6,W,2014-06-30,2014-06-30
0.5684611797332764,7,W,2014-06-30,2014-06-30
0.5113325119018555,8,W,2014-06-30,2014-06-30
0.5394825339317322,9,W,2014-06-30,2014-06-30
0.5729908347129822,10,W,2014-06-30,2014-06-30
0.6198849081993103,11,W,2014-06-30,2014-06-30
0.5958842039108276,12,W,2014-06-30,2014-06-30
0.5951811671257019,1,W,2013-06-06,2013-06-06
0.6080570220947266,2,W,2013-06-06,2013-06-06
0.5979323983192444,3,W,2013-06-06,2013-06-06
0.6283387541770935,4,W,2013-06-06,2013-06-06
0.6350429058074951,5,W,2013-06-06,2013-06-06
0.6308434009552002,6,W,2013-06-06,2013-06-06
0.5918306112289429,7,W,2013-06-06,2013-06-06
0.6359559893608093,8,W,2013-06-06,2013-06-06
0.6402575373649597,9,W,2013-06-06,2013-06-06
0.6297967433929443,10,W,2013-06-06,2013-06-06
0.634899377822876,11,W,2013-06-06,2013-06-06
0.6068384051322937,12,W,2013-06-06,2013-06-06
0.2242882251739502,1,W,2015-06-08,2015-06-08
0.2028854638338089,2,W,2015-06-08,2015-06-08
0.1969858855009079,3,W,2015-06-08,2015-06-08
0.20792196691036224,4,W,2015-06-08,2015-06-08
0.24792876839637756,5,W,2015-06-08,2015-06-08
0.22167295217514038,6,W,2015-06-08,2015-06-08
0.21296106278896332,7,W,2015-06-08,2015-06-08
0.19433270394802094,8,W,2015-06-08,2015-06-08
0.2240740954875946,9,W,2015-06-08,2015-06-08
0.20673823356628418,10,W,2015-06-08,2015-06-08
0.22878839075565338,11,W,2015-06-08,2015-06-08
0.1934463232755661,12,W,2015-06-08,2015-06-08
0.528832197189331,1,W,2014-07-11,2014-07-11
0.6160653829574585,2,W,2014-07-11,2014-07-11
0.5785606503486633,3,W,2014-07-11,2014-07-11
0.48470932245254517,4,W,2014-07-11,2014-07-11
0.5424076318740845,5,W,2014-07-11,2014-07-11
0.5799787640571594,6,W,2014-07-11,2014-07-11
0.5248200297355652,7,W,2014-07-11,2014-07-11
0.5357716679573059,8,W,2014-07-11,2014-07-11
0.5670430660247803,9,W,2014-07-11,2014-07-11
0.5558179616928101,10,W,2014-07-11,2014-07-11
0.592668890953064,11,W,2014-07-11,2014-07-11
0.5964564681053162,12,W,2014-07-11,2014-07-11
0.3628394603729248,1,W,2011-07-15,2011-07-15
0.3784213960170746,2,W,2011-07-15,2011-07-15
0.38624659180641174,3,W,2011-07-15,2011-07-15
0.3775213062763214,4,W,2011-07-15,2011-07-15
0.40463265776634216,5,W,2011-07-15,2011-07-15
0.4270836114883423,6,W,2011-07-15,2011-07-15
0.3407011032104492,7,W,2011-07-15,2011-07-15
0.3147347569465637,8,W,2011-07-15,2011-07-15
0.5859408378601074,9,W,2011-07-15,2011-07-15
0.5312185287475586,10,W,2011-07-15,2011-07-15
0.5725973844528198,11,W,2011-07-15,2011-07-15
0.32432839274406433,12,W,2011-07-15,2011-07-15
0.45029953122138977,1,W,2012-07-15,2012-07-15
999999,2,W,2012-07-15,2012-07-15
0.423323392868042,3,W,2012-07-15,2012-07-15
0.3684542775154114,4,W,2012-07-15,2012-07-15
0.43712764978408813,5,W,2012-07-15,2012-07-15
0.39673978090286255,6,W,2012-07-15,2012-07-15
0.4502110183238983,7,W,2012-07-15,2012-07-15
0.42843759059906006,8,W,2012-07-15,2012-07-15
0.42119184136390686,9,W,2012-07-15,2012-07-15
0.43726056814193726,10,W,2012-07-15,2012-07-15
0.43494895100593567,11,W,2012-07-15,2012-07-15
0.44243335723876953,12,W,2012-07-15,2012-07-15
0.15636959671974182,1,W,2013-07-15,2013-07-15
0.15638603270053864,2,W,2013-07-15,2013-07-15
0.1484273374080658,3,W,2013-07-15,2013-07-15
0.1684100329875946,4,W,2013-07-15,2013-07-15
0.1610552966594696,5,W,2013-07-15,2013-07-15
0.15456856787204742,6,W,2013-07-15,2013-07-15
0.14159898459911346,7,W,2013-07-15,2013-07-15
0.16185690462589264,8,W,2013-07-15,2013-07-15
0.14235375821590424,9,W,2013-07-15,2013-07-15
0.13745911419391632,10,W,2013-07-15,2013-07-15
0.159902885556221,11,W,2013-07-15,2013-07-15
0.15624591708183289,12,W,2013-07-15,2013-07-15
0.3289110064506531,1,W,2009-07-02,2009-07-02
0.34346187114715576,2,W,2009-07-02,2009-07-02
0.3678673207759857,3,W,2009-07-02,2009-07-02
0.4250320494174957,4,W,2009-07-02,2009-07-02
0.3820522129535675,5,W,2009-07-02,2009-07-02
0.4104674756526947,6,W,2009-07-02,2009-07-02
0.28945931792259216,7,W,2009-07-02,2009-07-02
0.31145063042640686,8,W,2009-07-02,2009-07-02
0.3501697778701782,9,W,2009-07-02,2009-07-02
0.3763074278831482,10,W,2009-07-02,2009-07-02
0.3526169955730438,11,W,2009-07-02,2009-07-02
0.333808034658432,12,W,2009-07-02,2009-07-02
0.3567182421684265,1,W,2014-07-22,2014-07-22
0.4444598853588104,2,W,2014-07-22,2014-07-22
0.4158554673194885,3,W,2014-07-22,2014-07-22
0.40013787150382996,4,W,2014-07-22,2014-07-22
0.44386863708496094,5,W,2014-07-22,2014-07-22
0.4005601406097412,6,W,2014-07-22,2014-07-22
0.36103683710098267,7,W,2014-07-22,2014-07-22
0.4453313648700714,8,W,2014-07-22,2014-07-22
0.4164752960205078,9,W,2014-07-22,2014-07-22
0.3670121133327484,10,W,2014-07-22,2014-07-22
0.39841747283935547,11,W,2014-07-22,2014-07-22
0.4154233932495117,12,W,2014-07-22,2014-07-22
0.15082071721553802,1,W,2009-07-24,2009-07-24
0.1447831243276596,2,W,2009-07-24,2009-07-24
0.14773382246494293,3,W,2009-07-24,2009-07-24
0.14784036576747894,4,W,2009-07-24,2009-07-24
0.13628272712230682,5,W,2009-07-24,2009-07-24
0.16510644555091858,6,W,2009-07-24,2009-07-24
0.12634117901325226,7,W,2009-07-24,2009-07-24
0.14710283279418945,8,W,2009-07-24,2009-07-24
0.4245796799659729,9,W,2009-07-24,2009-07-24
0.41066494584083557,10,W,2009-07-24,2009-07-24
0.4394318461418152,11,W,2009-07-24,2009-07-24
0.15194278955459595,12,W,2009-07-24,2009-07-24
0.1353592425584793,1,W,2013-07-24,2013-07-24
0.13249488174915314,2,W,2013-07-24,2013-07-24
0.12219175696372986,3,W,2013-07-24,2013-07-24
0.1386600136756897,4,W,2013-07-24,2013-07-24
0.1362728774547577,5,W,2013-07-24,2013-07-24
0.13939550518989563,6,W,2013-07-24,2013-07-24
0.1271519809961319,7,W,2013-07-24,2013-07-24
0.1263841688632965,8,W,2013-07-24,2013-07-24
0.13537375628948212,9,W,2013-07-24,2013-07-24
0.12528790533542633,10,W,2013-07-24,2013-07-24
0.13193117082118988,11,W,2013-07-24,2013-07-24
0.12236935645341873,12,W,2013-07-24,2013-07-24
0.4842798709869385,1,W,2012-07-25,2012-07-25
0.4581109881401062,2,W,2012-07-25,2012-07-25
0.48361262679100037,3,W,2012-07-25,2012-07-25
0.3878154456615448,4,W,2012-07-25,2012-07-25
0.4952295124530792,5,W,2012-07-25,2012-07-25
0.4521472454071045,6,W,2012-07-25,2012-07-25
0.4890175461769104,7,W,2012-07-25,2012-07-25
0.4954385459423065,8,W,2012-07-25,2012-07-25
0.46484822034835815,9,W,2012-07-25,2012-07-25
0.456411212682724,10,W,2012-07-25,2012-07-25
0.4721848666667938,11,W,2012-07-25,2012-07-25
0.5163534283638,12,W,2012-07-25,2012-07-25
0.23593208193778992,1,W,2011-07-27,2011-07-27
0.24312864243984222,2,W,2011-07-27,2011-07-27
0.26146116852760315,3,W,2011-07-27,2011-07-27
0.2661893665790558,4,W,2011-07-27,2011-07-27
0.24409131705760956,5,W,2011-07-27,2011-07-27
0.28257089853286743,6,W,2011-07-27,2011-07-27
0.2622709274291992,7,W,2011-07-27,2011-07-27
0.265225887298584,8,W,2011-07-27,2011-07-27
0.5367670059204102,9,W,2011-07-27,2011-07-27
0.49791547656059265,10,W,2011-07-27,2011-07-27
0.5728519558906555,11,W,2011-07-27,2011-07-27
0.2604817748069763,12,W,2011-07-27,2011-07-27
0.588713526725769,1,W,2010-07-07,2010-07-07
0.5837296843528748,2,W,2010-07-07,2010-07-07
0.5853080749511719,3,W,2010-07-07,2010-07-07
0.49004608392715454,4,W,2010-07-07,2010-07-07
0.5792647004127502,5,W,2010-07-07,2010-07-07
0.584699809551239,6,W,2010-07-07,2010-07-07
0.5889137983322144,7,W,2010-07-07,2010-07-07
0.5136494040489197,8,W,2010-07-07,2010-07-07
0.5138290524482727,9,W,2010-07-07,2010-07-07
0.5298306941986084,10,W,2010-07-07,2010-07-07
0.537937581539154,11,W,2010-07-07,2010-07-07
0.5660690665245056,12,W,2010-07-07,2010-07-07
0.3323374092578888,1,W,2012-07-08,2012-07-08
0.280388742685318,2,W,2012-07-08,2012-07-08
0.32102715969085693,3,W,2012-07-08,2012-07-08
0.24136510491371155,4,W,2012-07-08,2012-07-08
0.3206440210342407,5,W,2012-07-08,2012-07-08
0.2778167426586151,6,W,2012-07-08,2012-07-08
0.31298449635505676,7,W,2012-07-08,2012-07-08
0.32708120346069336,8,W,2012-07-08,2012-07-08
0.31786927580833435,9,W,2012-07-08,2012-07-08
0.32902225852012634,10,W,2012-07-08,2012-07-08
0.3546234667301178,11,W,2012-07-08,2012-07-08
0.3264921009540558,12,W,2012-07-08,2012-07-08
0.21775712072849274,1,W,2013-07-09,2013-07-09
0.23097750544548035,2,W,2013-07-09,2013-07-09
0.18663567304611206,3,W,2013-07-09,2013-07-09
0.24411064386367798,4,W,2013-07-09,2013-07-09
0.19582107663154602,5,W,2013-07-09,2013-07-09
0.18010343611240387,6,W,2013-07-09,2013-07-09
0.1856154352426529,7,W,2013-07-09,2013-07-09
0.23106783628463745,8,W,2013-07-09,2013-07-09
0.19602741301059723,9,W,2013-07-09,2013-07-09
0.17519161105155945,10,W,2013-07-09,2013-07-09
0.19633446633815765,11,W,2013-07-09,2013-07-09
0.21897384524345398,12,W,2013-07-09,2013-07-09
0.41846680641174316,1,W,2012-08-04,2012-08-04
0.4357430934906006,2,W,2012-08-04,2012-08-04
0.419905424118042,3,W,2012-08-04,2012-08-04
0.4113239347934723,4,W,2012-08-04,2012-08-04
0.4362834095954895,5,W,2012-08-04,2012-08-04
0.41934674978256226,6,W,2012-08-04,2012-08-04
0.3735334277153015,7,W,2012-08-04,2012-08-04
0.4395771920681,8,W,2012-08-04,2012-08-04
0.39591068029403687,9,W,2012-08-04,2012-08-04
0.3679463863372803,10,W,2012-08-04,2012-08-04
0.39362871646881104,11,W,2012-08-04,2012-08-04
0.4320346713066101,12,W,2012-08-04,2012-08-04
