,Score,Std,batch_size,beta_1,beta_2,decay,dropout_rate,epochs,epsilon,filters1,filters2,filters3,filters4,filters5,filters6,filters_dense,init,kernel_size1,kernel_size2,kernel_size3,kernel_size4,kernel_size5,kernel_size6,layers,lr,max_meanPool_1,max_meanPool_2,max_meanPool_3,max_meanPool_4,max_meanPool_5,max_meanPool_6,momentum,nesterov,optimizer,pool_size1,pool_size2,pool_size3,pool_size4,pool_size5,pool_size6,rho,schedule_decay,stride1,stride2,stride3,stride4,stride5,stride6
0,4.662217789625887,4.2989481051253176,14,0.9811,0.97139,0.005,0.0,100,1e-07,512,128,512,512,64,32,512,glorot_uniform,2,3,4,1,4,4,6,0.0005,2,1,1,2,2,2,0.9,False,RMSprop,1,1,1,2,1,4,0.894557,0.001,2,4,4,3,4,3
1,0.5406758146898828,0.7022496106089119,18,0.9811,0.97139,0.005,0.0,100,1e-07,512,32,32,512,32,512,256,glorot_uniform,2,2,3,4,4,3,6,0.0005,2,1,1,2,2,2,0.9,False,RMSprop,1,4,2,1,1,2,0.894557,0.001,2,3,2,4,2,1
2,0.46640389971473056,0.5829564442189219,14,0.9811,0.97139,0.005,0.0,100,1e-07,512,64,128,64,32,512,512,glorot_uniform,2,3,4,2,1,2,6,0.0005,2,1,1,2,2,2,0.9,False,RMSprop,1,4,2,2,2,1,0.894557,0.001,2,2,3,2,3,1
3,0.46474343312789534,0.5960664344768114,12,0.9811,0.97139,0.005,0.0,100,1e-07,512,256,256,256,256,512,256,glorot_uniform,2,4,3,2,1,2,6,0.001,2,1,1,2,2,2,0.9,False,RMSprop,1,3,1,4,4,1,0.894557,0.001,2,1,3,2,1,1
4,0.4537298531883696,0.5798962262084066,12,0.9811,0.97139,0.005,0.0,100,1e-07,512,64,32,128,64,256,256,glorot_uniform,2,4,1,3,1,2,6,0.001,2,1,1,2,2,2,0.9,False,RMSprop,1,4,3,3,3,3,0.894557,0.001,2,3,4,3,2,1
5,0.4507209114829775,0.28050078007646817,16,0.9811,0.97139,0.005,0.0,100,1e-07,512,512,32,512,32,512,32,glorot_uniform,2,2,4,4,3,1,6,0.001,2,1,1,2,2,2,0.9,False,RMSprop,1,1,3,4,3,2,0.894557,0.001,2,1,3,2,2,2
6,0.3221128716086499,0.3840571746210183,14,0.9811,0.97139,0.005,0.0,100,1e-07,512,128,64,128,128,256,256,glorot_uniform,2,2,3,1,2,1,6,0.001,2,1,1,2,2,2,0.9,False,RMSprop,1,3,4,3,4,2,0.894557,0.001,2,1,2,4,4,1
7,0.2431855112445157,0.16775726340498925,12,0.9811,0.97139,0.005,0.0,100,1e-07,512,512,32,128,32,64,128,glorot_uniform,2,3,4,2,1,3,6,0.0005,2,1,1,2,2,2,0.9,False,RMSprop,1,3,1,1,1,1,0.894557,0.001,2,4,4,4,3,3
8,0.23824405461002301,0.27104839238921535,16,0.9811,0.97139,0.005,0.0,100,1e-07,512,256,128,512,256,256,32,glorot_uniform,2,3,4,3,2,2,6,0.001,2,1,1,2,2,2,0.9,False,RMSprop,1,4,2,1,3,1,0.894557,0.001,2,4,2,2,4,4
9,0.1866352176625812,0.19556553128402515,12,0.9811,0.97139,0.005,0.0,100,1e-07,512,512,64,32,32,512,32,glorot_uniform,2,2,4,3,3,2,6,0.001,2,1,1,2,2,2,0.9,False,RMSprop,1,4,3,3,1,4,0.894557,0.001,2,2,1,4,3,1
10,0.18199737213760883,0.11374685612125775,12,0.9811,0.97139,0.005,0.0,100,1e-07,512,32,64,256,256,32,128,glorot_uniform,2,3,4,3,2,3,6,0.001,2,1,1,2,2,2,0.9,False,RMSprop,1,4,3,4,4,3,0.894557,0.001,2,1,2,2,1,1
11,0.17928393277346838,0.18140255136786887,18,0.9811,0.97139,0.005,0.0,100,1e-07,512,256,128,128,64,256,128,glorot_uniform,2,4,1,1,2,4,6,0.001,2,1,1,2,2,2,0.9,False,RMSprop,1,2,4,1,4,3,0.894557,0.001,2,4,1,2,4,2
12,0.1596678165398629,0.1574763453598245,12,0.9811,0.97139,0.005,0.0,100,1e-07,512,32,256,32,128,256,32,glorot_uniform,2,4,4,2,3,4,6,0.0005,2,1,1,2,2,2,0.9,False,RMSprop,1,1,2,1,2,2,0.894557,0.001,2,3,2,2,3,4
13,0.12878149047175075,0.11358714122643178,18,0.9811,0.97139,0.005,0.0,100,1e-07,512,512,128,64,32,512,128,glorot_uniform,2,2,4,1,1,3,6,0.0005,2,1,1,2,2,2,0.9,False,RMSprop,1,4,4,4,4,1,0.894557,0.001,2,2,3,1,2,3
14,0.12509709839223296,0.10412430968368748,12,0.9811,0.97139,0.005,0.0,100,1e-07,512,64,256,512,64,128,256,glorot_uniform,2,4,4,2,3,3,6,0.0005,2,1,1,2,2,2,0.9,False,RMSprop,1,4,2,2,1,4,0.894557,0.001,2,1,1,2,1,1
15,0.11987070058349561,0.09733155671398389,12,0.9811,0.97139,0.005,0.0,100,1e-07,512,256,512,512,512,256,32,glorot_uniform,2,1,4,3,3,1,6,0.0005,2,1,1,2,2,2,0.9,False,RMSprop,1,4,2,4,2,4,0.894557,0.001,2,3,3,4,2,4
16,0.11807437340223345,0.09595515882485665,18,0.9811,0.97139,0.005,0.0,100,1e-07,512,32,128,512,32,128,256,glorot_uniform,2,4,1,1,3,4,6,0.00015,2,1,1,2,2,2,0.9,False,RMSprop,1,4,3,3,3,1,0.894557,0.001,2,2,1,4,1,1
17,0.11735381886183048,0.09288852465551171,14,0.9811,0.97139,0.005,0.0,100,1e-07,512,32,32,512,128,128,256,glorot_uniform,2,3,2,1,3,2,6,0.001,2,1,1,2,2,2,0.9,False,RMSprop,1,1,1,4,4,1,0.894557,0.001,2,3,4,3,2,4
18,0.1162728605104164,0.09127851038170383,18,0.9811,0.97139,0.005,0.0,100,1e-07,512,64,256,32,64,128,256,glorot_uniform,2,1,2,2,2,3,6,0.001,2,1,1,2,2,2,0.9,False,RMSprop,1,3,4,2,4,3,0.894557,0.001,2,3,4,4,2,1
19,0.11329285303513756,0.09154411444818454,18,0.9811,0.97139,0.005,0.0,100,1e-07,512,32,64,256,128,128,64,glorot_uniform,2,4,4,2,2,3,6,0.0005,2,1,1,2,2,2,0.9,False,RMSprop,1,4,3,4,2,3,0.894557,0.001,2,4,1,3,3,4
20,0.11249296869049157,0.08267553508061322,14,0.9811,0.97139,0.005,0.0,100,1e-07,512,512,32,32,512,256,64,glorot_uniform,2,4,1,4,2,4,6,0.001,2,1,1,2,2,2,0.9,False,RMSprop,1,4,2,2,4,3,0.894557,0.001,2,4,1,4,4,4
21,0.10927661255432601,0.08974150866620356,18,0.9811,0.97139,0.005,0.0,100,1e-07,512,256,64,32,512,256,256,glorot_uniform,2,4,3,4,2,4,6,0.001,2,1,1,2,2,2,0.9,False,RMSprop,1,2,3,3,1,3,0.894557,0.001,2,4,2,4,3,2
22,0.10461959766776556,0.07707986914874845,16,0.9811,0.97139,0.005,0.0,100,1e-07,512,256,128,64,32,256,128,glorot_uniform,2,2,3,1,2,4,6,0.001,2,1,1,2,2,2,0.9,False,RMSprop,1,4,1,2,2,3,0.894557,0.001,2,1,4,2,2,3
23,0.10459339354528474,0.07933527977640556,12,0.9811,0.97139,0.005,0.0,100,1e-07,512,256,256,32,64,512,256,glorot_uniform,2,2,2,3,1,4,6,0.0005,2,1,1,2,2,2,0.9,False,RMSprop,1,3,3,1,4,1,0.894557,0.001,2,2,3,1,4,2
24,0.10401742414482623,0.07841665225787318,16,0.9811,0.97139,0.005,0.0,100,1e-07,512,32,256,128,128,512,512,glorot_uniform,2,4,3,2,1,4,6,0.0005,2,1,1,2,2,2,0.9,False,RMSprop,1,4,3,4,4,1,0.894557,0.001,2,4,3,1,2,3
25,0.1027637874648774,0.04339602522240174,14,0.9811,0.97139,0.005,0.0,100,1e-07,512,512,64,512,512,64,256,glorot_uniform,2,3,1,4,4,2,6,0.0005,2,1,1,2,2,2,0.9,False,RMSprop,1,1,4,2,3,4,0.894557,0.001,2,2,3,2,3,3
26,0.10146637835933177,0.0731500972749883,18,0.9811,0.97139,0.005,0.0,100,1e-07,512,512,128,32,32,64,64,glorot_uniform,2,3,3,2,2,4,6,0.0005,2,1,1,2,2,2,0.9,False,RMSprop,1,2,4,4,4,1,0.894557,0.001,2,2,3,3,2,2
27,0.10035074551469861,0.07409401769100596,16,0.9811,0.97139,0.005,0.0,100,1e-07,512,128,256,256,64,256,512,glorot_uniform,2,4,2,4,4,3,6,0.0005,2,1,1,2,2,2,0.9,False,RMSprop,1,1,3,4,1,1,0.894557,0.001,2,2,4,3,4,3
28,0.09820035381452731,0.07243015720159576,12,0.9811,0.97139,0.005,0.0,100,1e-07,512,128,32,32,128,512,256,glorot_uniform,2,3,3,3,3,3,6,0.00015,2,1,1,2,2,2,0.9,False,RMSprop,1,3,1,4,2,4,0.894557,0.001,2,2,2,1,2,2
29,0.09400343221804724,0.06592437020859765,16,0.9811,0.97139,0.005,0.0,100,1e-07,512,128,32,64,256,512,64,glorot_uniform,2,1,3,1,4,3,6,0.00015,2,1,1,2,2,2,0.9,False,RMSprop,1,1,2,3,2,1,0.894557,0.001,2,4,1,4,4,3
30,0.09194054906108327,0.059775051043317234,14,0.9811,0.97139,0.005,0.0,100,1e-07,512,64,64,128,512,64,64,glorot_uniform,2,4,4,1,3,2,6,0.0005,2,1,1,2,2,2,0.9,False,RMSprop,1,1,1,2,4,3,0.894557,0.001,2,4,1,4,4,1
31,0.08940956167722987,0.0482969941606298,14,0.9811,0.97139,0.005,0.0,100,1e-07,512,128,512,128,512,128,128,glorot_uniform,2,2,4,2,2,1,6,0.001,2,1,1,2,2,2,0.9,False,RMSprop,1,4,3,3,2,3,0.894557,0.001,2,3,4,4,1,2
32,0.08833960017580572,0.05628477531522397,16,0.9811,0.97139,0.005,0.0,100,1e-07,512,512,512,64,64,128,256,glorot_uniform,2,1,4,3,3,1,6,0.001,2,1,1,2,2,2,0.9,False,RMSprop,1,2,3,3,3,2,0.894557,0.001,2,3,1,1,2,4
33,0.08666000789216538,0.05415173607786176,16,0.9811,0.97139,0.005,0.0,100,1e-07,512,32,512,128,32,512,512,glorot_uniform,2,1,2,3,2,2,6,0.00015,2,1,1,2,2,2,0.9,False,RMSprop,1,3,1,4,4,2,0.894557,0.001,2,2,1,3,3,2
34,0.08547591475380076,0.05327775004291355,12,0.9811,0.97139,0.005,0.0,100,1e-07,512,512,256,128,256,512,256,glorot_uniform,2,4,4,3,2,4,6,0.0001,2,1,1,2,2,2,0.9,False,RMSprop,1,4,3,3,4,4,0.894557,0.001,2,4,1,1,1,1
35,0.08527689577198348,0.05009007119578794,14,0.9811,0.97139,0.005,0.0,100,1e-07,512,32,256,256,512,512,128,glorot_uniform,2,2,4,1,1,2,6,0.0005,2,1,1,2,2,2,0.9,False,RMSprop,1,2,4,3,2,2,0.894557,0.001,2,3,3,1,4,4
36,0.08357559894141917,0.037955516424417454,12,0.9811,0.97139,0.005,0.0,100,1e-07,512,128,128,256,64,256,128,glorot_uniform,2,2,1,1,1,1,6,0.0005,2,1,1,2,2,2,0.9,False,RMSprop,1,2,2,4,2,2,0.894557,0.001,2,2,3,2,2,3
37,0.08301537028924284,0.048772729532362565,18,0.9811,0.97139,0.005,0.0,100,1e-07,512,256,128,64,256,512,256,glorot_uniform,2,2,3,2,2,3,6,0.0001,2,1,1,2,2,2,0.9,False,RMSprop,1,2,1,3,2,3,0.894557,0.001,2,2,2,2,2,1
38,0.08191147370766164,0.0457646520663386,18,0.9811,0.97139,0.005,0.0,100,1e-07,512,32,512,256,32,32,64,glorot_uniform,2,3,3,1,2,2,6,0.001,2,1,1,2,2,2,0.9,False,RMSprop,1,4,1,2,1,1,0.894557,0.001,2,3,3,4,3,1
39,0.0806184912694205,0.05355220781984916,16,0.9811,0.97139,0.005,0.0,100,1e-07,512,256,32,128,256,256,512,glorot_uniform,2,2,2,3,2,4,6,0.001,2,1,1,2,2,2,0.9,False,RMSprop,1,3,3,4,3,2,0.894557,0.001,2,4,1,3,4,1
40,0.07967940137907062,0.04235622428315717,12,0.9811,0.97139,0.005,0.0,100,1e-07,512,256,512,256,64,512,256,glorot_uniform,2,4,4,4,2,3,6,0.0005,2,1,1,2,2,2,0.9,False,RMSprop,1,4,4,4,1,4,0.894557,0.001,2,4,3,1,1,1
41,0.07849526794223441,0.041671358680604925,18,0.9811,0.97139,0.005,0.0,100,1e-07,512,512,256,128,128,128,512,glorot_uniform,2,4,3,4,3,2,6,0.0005,2,1,1,2,2,2,0.9,False,RMSprop,1,4,1,4,4,1,0.894557,0.001,2,4,3,2,4,4
42,0.07637771025600694,0.039130986591415236,12,0.9811,0.97139,0.005,0.0,100,1e-07,512,256,512,512,128,256,32,glorot_uniform,2,2,3,4,1,3,6,0.0005,2,1,1,2,2,2,0.9,False,RMSprop,1,2,3,1,1,2,0.894557,0.001,2,2,4,3,2,2
43,0.07581532610171604,0.04255176371224599,16,0.9811,0.97139,0.005,0.0,100,1e-07,512,32,512,128,512,256,32,glorot_uniform,2,3,1,2,2,1,6,0.001,2,1,1,2,2,2,0.9,False,RMSprop,1,4,4,2,2,1,0.894557,0.001,2,2,3,2,1,4
44,0.0753803406018118,0.029723565308434566,14,0.9811,0.97139,0.005,0.0,100,1e-07,512,128,32,512,64,512,512,glorot_uniform,2,3,2,3,2,2,6,0.0001,2,1,1,2,2,2,0.9,False,RMSprop,1,2,3,1,4,4,0.894557,0.001,2,1,4,3,2,4
45,0.07487392833468587,0.03558941606739222,18,0.9811,0.97139,0.005,0.0,100,1e-07,512,64,256,512,128,64,32,glorot_uniform,2,3,2,2,2,3,6,0.0005,2,1,1,2,2,2,0.9,False,RMSprop,1,1,2,4,1,2,0.894557,0.001,2,1,4,4,4,2
46,0.07357674430418451,0.03508307501402191,18,0.9811,0.97139,0.005,0.0,100,1e-07,512,128,128,128,64,512,256,glorot_uniform,2,1,3,1,3,1,6,0.00015,2,1,1,2,2,2,0.9,False,RMSprop,1,3,4,2,4,4,0.894557,0.001,2,1,4,2,2,1
47,0.07352049784134,0.035665688550234956,14,0.9811,0.97139,0.005,0.0,100,1e-07,512,32,256,256,64,256,32,glorot_uniform,2,1,4,3,2,1,6,0.00015,2,1,1,2,2,2,0.9,False,RMSprop,1,3,1,1,2,2,0.894557,0.001,2,3,1,2,1,1
48,0.0731963131669901,0.03746419931858058,12,0.9811,0.97139,0.005,0.0,100,1e-07,512,64,32,128,256,64,512,glorot_uniform,2,4,2,4,4,3,6,0.001,2,1,1,2,2,2,0.9,False,RMSprop,1,3,4,2,4,1,0.894557,0.001,2,1,4,4,2,3
49,0.07157185955827064,0.03505503062234544,16,0.9811,0.97139,0.005,0.0,100,1e-07,512,256,32,32,32,64,512,glorot_uniform,2,1,4,3,1,4,6,0.00015,2,1,1,2,2,2,0.9,False,RMSprop,1,4,1,4,3,2,0.894557,0.001,2,1,2,3,1,1
50,0.07085822920320185,0.03057950701582686,16,0.9811,0.97139,0.005,0.0,100,1e-07,512,256,32,128,64,128,64,glorot_uniform,2,2,4,3,1,2,6,0.0005,2,1,1,2,2,2,0.9,False,RMSprop,1,3,4,1,2,3,0.894557,0.001,2,4,4,2,4,3
51,0.07080263702143454,0.02981893571352684,14,0.9811,0.97139,0.005,0.0,100,1e-07,512,512,32,64,64,256,32,glorot_uniform,2,1,3,2,1,2,6,0.001,2,1,1,2,2,2,0.9,False,RMSprop,1,1,1,3,3,4,0.894557,0.001,2,2,4,2,4,2
52,0.07077442812881961,0.03057871992738026,14,0.9811,0.97139,0.005,0.0,100,1e-07,512,128,32,256,32,256,64,glorot_uniform,2,1,2,4,1,1,6,0.0001,2,1,1,2,2,2,0.9,False,RMSprop,1,4,1,2,3,1,0.894557,0.001,2,3,4,1,2,1
53,0.07044441535030771,0.028996146653613747,18,0.9811,0.97139,0.005,0.0,100,1e-07,512,64,64,128,256,512,64,glorot_uniform,2,1,3,3,1,4,6,0.0001,2,1,1,2,2,2,0.9,False,RMSprop,1,4,4,2,4,3,0.894557,0.001,2,4,1,1,2,2
54,0.07004624453390958,0.030521905087971785,18,0.9811,0.97139,0.005,0.0,100,1e-07,512,128,32,64,256,64,512,glorot_uniform,2,1,3,2,3,1,6,0.0005,2,1,1,2,2,2,0.9,False,RMSprop,1,1,3,1,3,4,0.894557,0.001,2,2,4,4,1,1
55,0.06942605943231785,0.0327806230177225,12,0.9811,0.97139,0.005,0.0,100,1e-07,512,256,256,32,128,128,32,glorot_uniform,2,1,2,4,3,1,6,0.0005,2,1,1,2,2,2,0.9,False,RMSprop,1,1,3,1,2,3,0.894557,0.001,2,2,1,3,4,4
56,0.06872418102464876,0.03205057088726311,14,0.9811,0.97139,0.005,0.0,100,1e-07,512,512,512,512,64,256,32,glorot_uniform,2,3,4,3,3,2,6,0.0001,2,1,1,2,2,2,0.9,False,RMSprop,1,2,2,1,3,1,0.894557,0.001,2,2,1,1,3,3
57,0.06819742413975845,0.025274378355719412,18,0.9811,0.97139,0.005,0.0,100,1e-07,512,128,512,512,128,512,256,glorot_uniform,2,4,4,2,2,4,6,0.00015,2,1,1,2,2,2,0.9,False,RMSprop,1,3,1,2,2,3,0.894557,0.001,2,3,1,2,2,3
58,0.06786055705943587,0.027411957254815954,18,0.9811,0.97139,0.005,0.0,100,1e-07,512,64,256,256,32,512,32,glorot_uniform,2,2,4,4,4,3,6,0.00015,2,1,1,2,2,2,0.9,False,RMSprop,1,3,2,3,1,4,0.894557,0.001,2,2,3,2,2,2
59,0.06750980071620201,0.023578018465004028,12,0.9811,0.97139,0.005,0.0,100,1e-07,512,64,128,256,512,512,128,glorot_uniform,2,1,1,3,1,1,6,0.00015,2,1,1,2,2,2,0.9,False,RMSprop,1,3,1,3,4,4,0.894557,0.001,2,3,2,4,1,1
60,0.06693762685878649,0.026119007713576184,12,0.9811,0.97139,0.005,0.0,100,1e-07,512,32,128,128,512,256,128,glorot_uniform,2,2,2,4,4,3,6,0.0001,2,1,1,2,2,2,0.9,False,RMSprop,1,3,4,3,4,4,0.894557,0.001,2,1,3,4,1,1
61,0.06665652563017371,0.02649032722312608,14,0.9811,0.97139,0.005,0.0,100,1e-07,512,64,128,128,512,512,32,glorot_uniform,2,2,3,4,2,1,6,0.0001,2,1,1,2,2,2,0.9,False,RMSprop,1,3,1,4,1,4,0.894557,0.001,2,2,3,1,1,3
62,0.06619193872672119,0.02325355937281328,16,0.9811,0.97139,0.005,0.0,100,1e-07,512,512,64,32,256,32,512,glorot_uniform,2,4,3,2,3,1,6,0.001,2,1,1,2,2,2,0.9,False,RMSprop,1,1,3,2,3,2,0.894557,0.001,2,1,4,1,2,3
63,0.06605844138631876,0.02589554883943529,16,0.9811,0.97139,0.005,0.0,100,1e-07,512,256,256,64,32,32,128,glorot_uniform,2,2,2,1,1,3,6,0.00015,2,1,1,2,2,2,0.9,False,RMSprop,1,4,1,1,4,1,0.894557,0.001,2,2,4,2,2,1
64,0.06604152175414961,0.025837718112850155,12,0.9811,0.97139,0.005,0.0,100,1e-07,512,32,256,256,32,256,512,glorot_uniform,2,2,1,1,1,3,6,0.0001,2,1,1,2,2,2,0.9,False,RMSprop,1,3,1,1,1,1,0.894557,0.001,2,2,2,3,3,2
65,0.06588258332076291,0.025742467276838106,18,0.9811,0.97139,0.005,0.0,100,1e-07,512,512,256,32,512,128,32,glorot_uniform,2,2,1,2,4,4,6,0.001,2,1,1,2,2,2,0.9,False,RMSprop,1,1,3,1,3,2,0.894557,0.001,2,4,2,4,1,3
66,0.06574271067051242,0.02699918413088416,16,0.9811,0.97139,0.005,0.0,100,1e-07,512,512,32,32,256,32,128,glorot_uniform,2,3,2,1,2,2,6,0.0005,2,1,1,2,2,2,0.9,False,RMSprop,1,3,4,1,4,1,0.894557,0.001,2,4,4,1,1,3
67,0.06559083697596364,0.024750122052441696,16,0.9811,0.97139,0.005,0.0,100,1e-07,512,256,512,32,256,256,32,glorot_uniform,2,1,4,2,1,1,6,0.00015,2,1,1,2,2,2,0.9,False,RMSprop,1,4,4,1,2,2,0.894557,0.001,2,4,4,4,2,1
68,0.06526307042551703,0.024672855420083104,18,0.9811,0.97139,0.005,0.0,100,1e-07,512,128,512,64,512,512,128,glorot_uniform,2,3,4,3,3,1,6,0.00015,2,1,1,2,2,2,0.9,False,RMSprop,1,4,1,3,4,2,0.894557,0.001,2,1,4,3,4,3
69,0.06503871277771811,0.02246657099574234,18,0.9811,0.97139,0.005,0.0,100,1e-07,512,32,32,64,256,512,32,glorot_uniform,2,4,1,1,1,3,6,0.00015,2,1,1,2,2,2,0.9,False,RMSprop,1,2,1,4,2,4,0.894557,0.001,2,2,2,2,4,2
70,0.06488995172025236,0.020728996648821673,16,0.9811,0.97139,0.005,0.0,100,1e-07,512,64,512,256,512,256,32,glorot_uniform,2,2,2,1,1,4,6,0.00015,2,1,1,2,2,2,0.9,False,RMSprop,1,3,3,3,3,4,0.894557,0.001,2,2,2,4,4,1
71,0.06463254269082744,0.021114308400994278,16,0.9811,0.97139,0.005,0.0,100,1e-07,512,32,512,128,64,256,64,glorot_uniform,2,3,3,2,2,4,6,0.0005,2,1,1,2,2,2,0.9,False,RMSprop,1,3,1,2,3,2,0.894557,0.001,2,3,1,3,3,3
72,0.06447108111747583,0.021950484649618796,18,0.9811,0.97139,0.005,0.0,100,1e-07,512,64,128,512,256,128,64,glorot_uniform,2,3,2,1,3,4,6,0.0005,2,1,1,2,2,2,0.9,False,RMSprop,1,1,3,4,4,4,0.894557,0.001,2,3,4,1,2,4
73,0.06411689413145358,0.020770321046446178,18,0.9811,0.97139,0.005,0.0,100,1e-07,512,128,256,32,64,512,32,glorot_uniform,2,1,2,4,3,3,6,0.00015,2,1,1,2,2,2,0.9,False,RMSprop,1,3,4,2,4,2,0.894557,0.001,2,3,3,3,3,3
74,0.06381311266891422,0.023751016699006172,12,0.9811,0.97139,0.005,0.0,100,1e-07,512,128,128,64,512,128,64,glorot_uniform,2,2,4,4,4,4,6,0.00015,2,1,1,2,2,2,0.9,False,RMSprop,1,4,3,1,2,2,0.894557,0.001,2,1,1,2,1,2
75,0.06335087060405832,0.013266251548792749,14,0.9811,0.97139,0.005,0.0,100,1e-07,512,32,32,128,32,32,512,glorot_uniform,2,1,2,2,1,4,6,0.0005,2,1,1,2,2,2,0.9,False,RMSprop,1,1,3,2,2,4,0.894557,0.001,2,4,1,4,1,4
76,0.0631728103150959,0.019743151419699526,14,0.9811,0.97139,0.005,0.0,100,1e-07,512,512,128,256,32,512,256,glorot_uniform,2,1,3,4,3,1,6,0.0001,2,1,1,2,2,2,0.9,False,RMSprop,1,4,4,1,2,4,0.894557,0.001,2,1,1,4,3,2
77,0.062116390315734585,0.02579153727621576,14,0.9811,0.97139,0.005,0.0,100,1e-07,512,32,128,256,512,64,64,glorot_uniform,2,4,1,3,4,2,6,0.00015,2,1,1,2,2,2,0.9,False,RMSprop,1,3,2,3,4,1,0.894557,0.001,2,4,2,1,1,1
78,0.061811006260168326,0.01629710272993889,16,0.9811,0.97139,0.005,0.0,100,1e-07,512,512,256,512,64,512,64,glorot_uniform,2,1,4,4,1,3,6,0.00015,2,1,1,2,2,2,0.9,False,RMSprop,1,1,1,3,2,2,0.894557,0.001,2,4,3,2,2,1
79,0.061798228212426344,0.022432837352981082,18,0.9811,0.97139,0.005,0.0,100,1e-07,512,256,64,64,128,32,32,glorot_uniform,2,4,2,1,2,1,6,0.0001,2,1,1,2,2,2,0.9,False,RMSprop,1,1,1,3,4,1,0.894557,0.001,2,4,1,1,3,1
80,0.06156189074388796,0.022031615889381368,16,0.9811,0.97139,0.005,0.0,100,1e-07,512,256,64,64,64,128,128,glorot_uniform,2,2,4,1,4,3,6,0.0005,2,1,1,2,2,2,0.9,False,RMSprop,1,3,4,3,2,4,0.894557,0.001,2,1,4,2,2,4
81,0.061016719133168536,0.019016305988461244,12,0.9811,0.97139,0.005,0.0,100,1e-07,512,256,512,32,512,64,64,glorot_uniform,2,1,2,2,2,3,6,0.00015,2,1,1,2,2,2,0.9,False,RMSprop,1,3,4,4,2,4,0.894557,0.001,2,3,2,2,3,3
82,0.06074813087832817,0.015736661584377667,14,0.9811,0.97139,0.005,0.0,100,1e-07,512,64,32,32,32,256,256,glorot_uniform,2,4,2,3,4,4,6,0.0005,2,1,1,2,2,2,0.9,False,RMSprop,1,2,2,4,1,4,0.894557,0.001,2,2,4,3,1,4
83,0.06068722489950065,0.0192881275696551,12,0.9811,0.97139,0.005,0.0,100,1e-07,512,32,256,32,64,512,256,glorot_uniform,2,4,3,1,1,3,6,0.0005,2,1,1,2,2,2,0.9,False,RMSprop,1,3,4,3,4,3,0.894557,0.001,2,1,4,3,4,4
84,0.06043147112746163,0.013197861912118974,12,0.9811,0.97139,0.005,0.0,100,1e-07,512,256,256,128,128,128,256,glorot_uniform,2,1,2,2,4,3,6,0.0001,2,1,1,2,2,2,0.9,False,RMSprop,1,2,2,3,3,3,0.894557,0.001,2,1,2,2,4,1
85,0.06006575843148406,0.020779220847412322,16,0.9811,0.97139,0.005,0.0,100,1e-07,512,128,256,256,32,32,128,glorot_uniform,2,3,1,1,4,4,6,0.00015,2,1,1,2,2,2,0.9,False,RMSprop,1,2,1,2,4,1,0.894557,0.001,2,1,4,3,4,3
86,0.059884509828500083,0.018646177692028247,12,0.9811,0.97139,0.005,0.0,100,1e-07,512,64,64,32,64,128,512,glorot_uniform,2,1,3,1,1,2,6,0.0001,2,1,1,2,2,2,0.9,False,RMSprop,1,3,1,4,3,2,0.894557,0.001,2,4,3,2,1,2
87,0.05902961831719152,0.017498466353843754,16,0.9811,0.97139,0.005,0.0,100,1e-07,512,256,512,512,256,128,128,glorot_uniform,2,2,2,4,1,2,6,0.0001,2,1,1,2,2,2,0.9,False,RMSprop,1,2,2,1,3,3,0.894557,0.001,2,3,2,3,3,1
88,0.05870537836620039,0.015629880692715103,16,0.9811,0.97139,0.005,0.0,100,1e-07,512,32,256,32,128,512,512,glorot_uniform,2,2,1,4,4,3,6,0.0001,2,1,1,2,2,2,0.9,False,RMSprop,1,3,3,2,4,3,0.894557,0.001,2,3,3,3,4,3
89,0.05775615236565336,0.0142722436227697,12,0.9811,0.97139,0.005,0.0,100,1e-07,512,512,128,512,256,64,32,glorot_uniform,2,4,3,1,3,3,6,0.0005,2,1,1,2,2,2,0.9,False,RMSprop,1,2,2,1,4,2,0.894557,0.001,2,1,4,3,2,4
90,0.057484484381868685,0.015320229378207189,12,0.9811,0.97139,0.005,0.0,100,1e-07,512,64,64,512,128,32,128,glorot_uniform,2,2,2,4,3,4,6,0.0001,2,1,1,2,2,2,0.9,False,RMSprop,1,3,2,4,3,4,0.894557,0.001,2,1,2,3,4,2
91,0.05675815073478415,0.011894139449241642,14,0.9811,0.97139,0.005,0.0,100,1e-07,512,32,32,64,128,512,32,glorot_uniform,2,1,3,2,3,1,6,0.0001,2,1,1,2,2,2,0.9,False,RMSprop,1,3,3,1,1,3,0.894557,0.001,2,3,3,1,3,2
92,0.056714925646548675,0.011949351101720811,18,0.9811,0.97139,0.005,0.0,100,1e-07,512,64,32,512,64,128,128,glorot_uniform,2,4,1,3,4,3,6,0.00015,2,1,1,2,2,2,0.9,False,RMSprop,1,1,4,2,2,3,0.894557,0.001,2,4,3,3,4,2
93,0.056650917203019194,0.009504657446066517,14,0.9811,0.97139,0.005,0.0,100,1e-07,512,128,32,512,128,256,128,glorot_uniform,2,3,1,4,4,2,6,0.0005,2,1,1,2,2,2,0.9,False,RMSprop,1,1,2,2,3,4,0.894557,0.001,2,3,4,4,1,2
94,0.05657481795748628,0.012150913756283101,12,0.9811,0.97139,0.005,0.0,100,1e-07,512,64,64,128,32,128,512,glorot_uniform,2,2,2,2,4,1,6,0.0005,2,1,1,2,2,2,0.9,False,RMSprop,1,2,3,4,3,4,0.894557,0.001,2,1,2,1,2,2
95,0.05647038762381477,0.013029013506433219,12,0.9811,0.97139,0.005,0.0,100,1e-07,512,64,512,32,256,128,64,glorot_uniform,2,3,3,3,1,4,6,0.0001,2,1,1,2,2,2,0.9,False,RMSprop,1,1,4,1,4,4,0.894557,0.001,2,4,2,2,4,4
96,0.056193185574542,0.011918242779646726,12,0.9811,0.97139,0.005,0.0,100,1e-07,512,256,64,512,64,512,256,glorot_uniform,2,3,1,1,4,3,6,0.0001,2,1,1,2,2,2,0.9,False,RMSprop,1,4,1,1,2,4,0.894557,0.001,2,4,3,2,2,4
97,0.05605624543834003,0.01537365939571088,16,0.9811,0.97139,0.005,0.0,100,1e-07,512,32,256,128,64,32,32,glorot_uniform,2,1,3,3,4,4,6,0.0001,2,1,1,2,2,2,0.9,False,RMSprop,1,2,1,4,1,1,0.894557,0.001,2,4,1,2,2,4
98,0.05586962092303813,0.009032556233595581,12,0.9811,0.97139,0.005,0.0,100,1e-07,512,256,512,32,256,512,512,glorot_uniform,2,2,3,4,2,1,6,0.0005,2,1,1,2,2,2,0.9,False,RMSprop,1,1,1,3,3,4,0.894557,0.001,2,3,3,2,4,4
99,0.05556922746754014,0.009947872003106753,18,0.9811,0.97139,0.005,0.0,100,1e-07,512,64,64,64,128,512,32,glorot_uniform,2,1,1,1,2,1,6,0.00015,2,1,1,2,2,2,0.9,False,RMSprop,1,2,2,1,1,3,0.894557,0.001,2,2,2,1,4,3
100,0.05530021408207203,0.013219814509689485,16,0.9811,0.97139,0.005,0.0,100,1e-07,512,256,64,512,32,32,32,glorot_uniform,2,4,4,2,1,3,6,0.0001,2,1,1,2,2,2,0.9,False,RMSprop,1,3,3,4,3,1,0.894557,0.001,2,2,4,1,2,1
101,0.05509097840416479,0.009524040873015031,18,0.9811,0.97139,0.005,0.0,100,1e-07,512,512,128,32,512,256,32,glorot_uniform,2,1,4,2,1,3,6,0.0001,2,1,1,2,2,2,0.9,False,RMSprop,1,1,4,3,3,4,0.894557,0.001,2,2,4,1,2,1
102,0.05486091687503316,0.013518856345105785,18,0.9811,0.97139,0.005,0.0,100,1e-07,512,512,64,256,64,32,64,glorot_uniform,2,1,3,1,4,2,6,0.0001,2,1,1,2,2,2,0.9,False,RMSprop,1,2,1,1,4,1,0.894557,0.001,2,4,1,1,3,3
103,0.054700311831762875,0.013716366668178308,12,0.9811,0.97139,0.005,0.0,100,1e-07,512,64,32,256,64,128,32,glorot_uniform,2,2,2,3,1,2,6,0.0001,2,1,1,2,2,2,0.9,False,RMSprop,1,4,3,3,2,1,0.894557,0.001,2,4,2,1,3,3
104,0.05441864342983673,0.008836774211188895,14,0.9811,0.97139,0.005,0.0,100,1e-07,512,128,128,128,128,256,64,glorot_uniform,2,1,2,4,1,4,6,0.0001,2,1,1,2,2,2,0.9,False,RMSprop,1,3,1,3,1,4,0.894557,0.001,2,2,1,4,1,2
105,0.05404995088190177,0.009567224742321906,18,0.9811,0.97139,0.005,0.0,100,1e-07,512,128,32,64,32,32,32,glorot_uniform,2,2,3,3,3,2,6,0.00015,2,1,1,2,2,2,0.9,False,RMSprop,1,3,4,1,3,3,0.894557,0.001,2,3,1,1,4,3
106,0.05395541843123115,0.013327531424711863,14,0.9811,0.97139,0.005,0.0,100,1e-07,512,64,256,256,512,64,256,glorot_uniform,2,2,2,3,2,3,6,0.00015,2,1,1,2,2,2,0.9,False,RMSprop,1,1,1,2,4,2,0.894557,0.001,2,3,3,4,3,3
107,0.053829751424320636,0.012526024474998136,16,0.9811,0.97139,0.005,0.0,100,1e-07,512,32,32,32,64,32,256,glorot_uniform,2,3,4,1,1,3,6,0.0001,2,1,1,2,2,2,0.9,False,RMSprop,1,4,2,3,1,3,0.894557,0.001,2,4,3,2,1,3
108,0.05353431129130523,0.007465695645774443,16,0.9811,0.97139,0.005,0.0,100,1e-07,512,32,64,128,512,128,128,glorot_uniform,2,1,1,2,1,2,6,0.00015,2,1,1,2,2,2,0.9,False,RMSprop,1,2,2,3,3,1,0.894557,0.001,2,2,1,3,4,3
109,0.05344945995738713,0.009121655994300645,12,0.9811,0.97139,0.005,0.0,100,1e-07,512,512,128,512,128,64,32,glorot_uniform,2,2,1,2,3,3,6,0.00015,2,1,1,2,2,2,0.9,False,RMSprop,1,1,1,3,4,4,0.894557,0.001,2,3,4,1,3,3
110,0.05324155660474975,0.009013776846442908,18,0.9811,0.97139,0.005,0.0,100,1e-07,512,512,128,32,512,128,512,glorot_uniform,2,4,1,1,2,1,6,0.0001,2,1,1,2,2,2,0.9,False,RMSprop,1,1,4,4,4,3,0.894557,0.001,2,4,3,2,4,3
111,0.05247009973153996,0.008012613256262497,12,0.9811,0.97139,0.005,0.0,100,1e-07,512,256,256,128,128,64,128,glorot_uniform,2,2,2,1,4,1,6,0.00015,2,1,1,2,2,2,0.9,False,RMSprop,1,2,1,2,1,3,0.894557,0.001,2,2,1,3,4,2
112,0.051942145875813306,0.00866610003353416,16,0.9811,0.97139,0.005,0.0,100,1e-07,512,512,256,512,128,64,512,glorot_uniform,2,3,3,1,2,4,6,0.0001,2,1,1,2,2,2,0.9,False,RMSprop,1,2,1,2,1,3,0.894557,0.001,2,1,2,3,4,3
113,0.050792078172002965,0.009195412284757625,12,0.9811,0.97139,0.005,0.0,100,1e-07,512,128,512,128,128,32,32,glorot_uniform,2,2,4,4,4,1,6,0.00015,2,1,1,2,2,2,0.9,False,RMSprop,1,2,2,4,2,1,0.894557,0.001,2,4,1,3,4,4
114,0.05071060547488459,0.0031983785343360368,14,0.9811,0.97139,0.005,0.0,100,1e-07,512,32,256,32,128,32,256,glorot_uniform,2,2,2,4,4,4,6,0.0001,2,1,1,2,2,2,0.9,False,RMSprop,1,3,4,3,2,3,0.894557,0.001,2,2,4,4,1,1
115,0.050619943783757865,0.007220001513837705,12,0.9811,0.97139,0.005,0.0,100,1e-07,512,128,256,64,256,64,128,glorot_uniform,2,4,3,2,3,1,6,0.00015,2,1,1,2,2,2,0.9,False,RMSprop,1,3,4,2,3,2,0.894557,0.001,2,3,1,4,3,3
116,0.050262714125028314,0.008203033967704136,18,0.9811,0.97139,0.005,0.0,100,1e-07,512,32,512,128,128,32,128,glorot_uniform,2,4,2,3,1,1,6,0.00015,2,1,1,2,2,2,0.9,False,RMSprop,1,1,4,2,4,1,0.894557,0.001,2,3,3,1,1,4
117,0.050001035379642046,0.007997984504099345,12,0.9811,0.97139,0.005,0.0,100,1e-07,512,512,256,512,128,64,64,glorot_uniform,2,3,1,4,1,3,6,0.0001,2,1,1,2,2,2,0.9,False,RMSprop,1,4,2,2,2,4,0.894557,0.001,2,3,2,3,2,2
118,0.049674917428772204,0.00829495547535846,18,0.9811,0.97139,0.005,0.0,100,1e-07,512,64,128,256,64,256,64,glorot_uniform,2,1,3,3,2,1,6,0.0001,2,1,1,2,2,2,0.9,False,RMSprop,1,3,1,1,2,1,0.894557,0.001,2,1,2,3,3,3
119,0.04902771446353217,0.007101981528980923,16,0.9811,0.97139,0.005,0.0,100,1e-07,512,128,128,64,128,32,512,glorot_uniform,2,4,1,4,4,2,6,0.0001,2,1,1,2,2,2,0.9,False,RMSprop,1,4,2,2,4,1,0.894557,0.001,2,4,4,3,4,2
120,0.04823380646698088,0.006777020932859464,16,0.9811,0.97139,0.005,0.0,100,1e-07,512,128,128,64,512,32,64,glorot_uniform,2,1,2,1,1,2,6,0.00015,2,1,1,2,2,2,0.9,False,RMSprop,1,3,1,3,3,1,0.894557,0.001,2,3,4,2,4,2
121,0.04820255412817966,0.005609714498586439,18,0.9811,0.97139,0.005,0.0,100,1e-07,512,512,32,128,32,32,32,glorot_uniform,2,3,1,4,3,3,6,0.0001,2,1,1,2,2,2,0.9,False,RMSprop,1,3,1,4,2,4,0.894557,0.001,2,1,4,2,1,1
122,0.048087222734848556,0.005947412511231741,16,0.9811,0.97139,0.005,0.0,100,1e-07,512,128,32,256,512,64,256,glorot_uniform,2,1,1,4,4,1,6,0.0001,2,1,1,2,2,2,0.9,False,RMSprop,1,2,2,2,2,2,0.894557,0.001,2,3,2,3,3,2
123,0.046513061342034166,0.003315675134420083,16,0.9811,0.97139,0.005,0.0,100,1e-07,512,64,32,256,32,32,256,glorot_uniform,2,2,3,2,3,2,6,0.00015,2,1,1,2,2,2,0.9,False,RMSprop,1,1,3,2,2,1,0.894557,0.001,2,3,1,3,2,3
124,0.04564849622566401,0.003960809997052881,16,0.9811,0.97139,0.005,0.0,100,1e-07,512,256,32,64,256,64,128,glorot_uniform,2,3,2,2,2,1,6,0.0001,2,1,1,2,2,2,0.9,False,RMSprop,1,1,3,1,4,2,0.894557,0.001,2,1,1,2,1,4
